Track name,Artist name,Album,Playlist name,Type,ISRC
"AL GOLPITO - Quevedo ft. Nueva Línea (Visualizer) | EL BAIFO","","","Favoritos","Playlist",""
"HIJO DE VOLCÁN - Quevedo ft. Los Gofiones (Visualizer) | EL BAIFO","","","Favoritos","Playlist",""
"LA GRACIOSA - Quevedo ft. Elvis Crespo (Official Video) | EL BAIFO","","","Favoritos","Playlist",""
"MI BALCÓN - Quevedo (Visualizer) | EL BAIFO","","","Favoritos","Playlist",""
"HOOKAH Y CALOR - Quevedo (Visualizer) | EL BAIFO","","","Favoritos","Playlist",""
"ALGO VA A PASAR - Quevedo ft. La Pantera, Lucho RK, Juseph (Visualizer) | EL BAIFO","","","Favoritos","Playlist",""
"2010YPICO - Quevedo (Visualizer) | EL BAIFO","","","Favoritos","Playlist",""
"GÁLDAR - Quevedo ft. Tonny Tun Tun (Visualizer) | EL BAIFO","","","Favoritos","Playlist",""
"EL BAIFO - Quevedo (Visualizer) | EL BAIFO","","","Favoritos","Playlist",""
"CAPRICHOSO - Quevedo (Visualizer) | EL BAIFO","","","Favoritos","Playlist",""
"ESTÁ EN CASA - Quevedo (Visualizer) | EL BAIFO","","","Favoritos","Playlist",""
"Yeidos · JLLY - Old Dreamer","","","Favoritos","Playlist",""
"Yeezy La Diferencia · Dlomalo · Juanito · Saint Cairo - DILE AL GATO TUYO","","","Favoritos","Playlist",""
"GlorySixVain · Guxo · T-Cun · Ignasigoreng - 20boots","","","Favoritos","Playlist",""
"Omar Montes · Lucho RK - Pa que Brinque","","","Favoritos","Playlist",""
"Alvaro Diaz - BABYRECORDS.","","","Favoritos","Playlist",""
"Iam - Xsiempre Mía","","","Favoritos","Playlist",""
"In Love - Trave, AmoryOdio ft.Seferolh","","","Favoritos","Playlist",""
"mvrk - Hazlo Así","","","Favoritos","Playlist",""
"Jay Wheeler - De Lejitos","","","Favoritos","Playlist",""
"ARCHIVO dañado.wav - ft Brray (visualizer)","","","Favoritos","Playlist",""
"att: el amor de tu vida - legallyrxx (visualizer)","","","Favoritos","Playlist",""
"AmoryOdio - LA USO","","","Favoritos","Playlist",""
"xiakko · Vgomez · Vittin Dior · Drummy - REVELA","","","Favoritos","Playlist",""
"AISSA - NO EST(hoy)BB (Visualizer) | EstapasandoBB","","","Favoritos","Playlist",""
"J4MES_LUNAS VIEJ4S - DEMO 1 (prod @almeja.flp, @ivan_armesto) - DEMO 2 (prod @lacuevacollective)","","","Favoritos","Playlist",""
"Baskiat - PRONTO DOLERÁ (Video)","","","Favoritos","Playlist",""
"STO QUE TENEMOS :(: - GATTI, Koboss Beats, Ilyam","","","Favoritos","Playlist",""
"AMORYODIO - Escapémonos (Audio Oficial)","","","Favoritos","Playlist",""
"Anonimus · Bryant Myers · Almighty - Toda La Vida","","","Favoritos","Playlist",""
"Delgao · Ruubthat - Da Igual","","","Favoritos","Playlist",""
"Delgao · FXY - James Cook","","","Favoritos","Playlist",""
"Duki - She Don't Give a FO","","","Favoritos","Playlist",""
"Rels B · Daniel Heredia Vidal - 100 TRACKS","","","Favoritos","Playlist",""
"Quevedo · Pedro Luis Domínguez Quevedo - Nonstop","","","Favoritos","Playlist",""
"Myke Towers - Tú","","","Favoritos","Playlist",""
"Rauw Alejandro · Ankhal - WUEPA","","","Favoritos","Playlist",""
"Rauw Alejandro - CAPRICHOSO","","","Favoritos","Playlist",""
"Soge Culebra · Mora · GARABATTO - 7 Lágrimas (Remix)","","","Favoritos","Playlist",""
"Bad Bunny · Farruko - Blockia (feat. DJ Luian & Mambo Kingz)","","","Favoritos","Playlist",""
"Sael - Esos Días","","","Favoritos","Playlist",""
"Manu Cort - T-Rex","","","Favoritos","Playlist",""
"Bad Bunny · Mora · Benito A. Martinez Ocasio - Una Vez","","","Favoritos","Playlist",""
"Jon Z · Eladio Carrión · Christopher A Lopez · Eladio Carrion · Jonathan Resto Quiñones · David Rafael Romero Duran · Manuel Alejandro Ruiz - Nikes, Diamantes y Skinnies","","","Favoritos","Playlist",""
"Mau y Ricky · Eladio Carrion - No Puede Ser (con Eladio Carrion)","","","Favoritos","Playlist",""
"Ambi · Iskender - Sin Ti","","","Favoritos","Playlist",""
"Delgao · Hens - Maldecío","","","Favoritos","Playlist",""
"Delgao · D3llano - Su cabeza en mi pecho","","","Favoritos","Playlist",""
"Ozuna · Jhayco · Alexis Gotay · Carlos Vidal Mejias Negrin · Felix Ozuna · Jaime Cosculluela · Jan Carlos Ozuna Rosado · Jesus Manuel Nieves Cortes · Joel Ismael Vazquez · Jose Antonio Aponte · Jose Cotto - No La Mires","","","Favoritos","Playlist",""
"Callejo · DAAZ · Typow - Salvaje","","","Favoritos","Playlist",""
"Rvssian · Rauw Alejandro · Chris Brown - Nostálgico","","","Favoritos","Playlist",""
"Noriel - KaRma","","","Favoritos","Playlist",""
"Yeico x Toni · Yeico - Tamagochi","","","Favoritos","Playlist",""
"D3llano · Mabbi - Mil Llantos","","","Favoritos","Playlist",""
"Lenin Jr - Dímelo Nena","","","Favoritos","Playlist",""
"Saiko - COSAS QUE NO TE DIJE","","","Favoritos","Playlist",""
"Alex Gargolas · Eladio Carrion · Rafael Alexis Quiles Hernandez · Eladio Carrion Morlaes III - Promesa","","","Favoritos","Playlist",""
"Mora · Gabriel Mora Quintero - Te Conoci Perriando","","","Favoritos","Playlist",""
"Anuel AA · Mora · Emmanuel Gazmey - Mi Voz Cuesta un Billón","","","Favoritos","Playlist",""
"Anuel AA · Emmanuel Gazmey · Americo Garcia · Benjamin Lasnier · Frabian Eli Carrion · Gabriel Mora Quintero · Jorge Medina · Juan Jose Botero · Luis David Roman · Machael Cole · Max Borghetti · Patrick Ingunza · Tyshane Thompson - Llorando en un Ferrari","","","Favoritos","Playlist",""
"Anuel AA | MCGREGOR","","","Favoritos","Playlist",""
"Anuel AA · Emmanuel Gazmey - Pin","","","Favoritos","Playlist",""
"Anuel AA · Emmanuel Gazmey - Rick Flair","","","Favoritos","Playlist",""
"Zetazen · Recycled J · Rubén Esteban Mercader · Jorge Escorial Moreno - 404","","","Favoritos","Playlist",""
"Ankhal · JHAYCO - Holy Shit (Remix)","","","Favoritos","Playlist",""
"Delgao · Fran Laoren · D3llano - Cabecero","","","Favoritos","Playlist",""
"DUKI · Justin Quiles · Bizarrap · Gonzalo Julian Conde · Mauro Ezequiel Lombardo - Unfollow","","","Favoritos","Playlist",""
"Eladio Carrion · Eladio Carrión - Sauce Boy Freestyle 5","","","Favoritos","Playlist",""
"JHAYCO - Dile (Homenaje)","","","Favoritos","Playlist",""
"Broken Squad - Lucif3r","","","Favoritos","Playlist",""
"JHAYCO · Anuel AA - Ley Seca","","","Favoritos","Playlist",""
"JHAYCO - Tokyo","","","Favoritos","Playlist",""
"Nicki Nicole · Mora - Toa la Vida","","","Favoritos","Playlist",""
"Bad Bunny - Si Estuviésemos Juntos Juntos","","","Favoritos","Playlist",""
"JHAYCO · Skrillex - En Mi Cuarto","","","Favoritos","Playlist",""
"Sael - Verificada","","","Favoritos","Playlist",""
"Bizarrap · Duki · Nicki Nicole · Gonzalo Julián Conde · Mauro Ezequiel Lombardo · Nicole Denise Cucco - YaMeFui","","","Favoritos","Playlist",""
"Rauw Alejandro - Sexo Virtual","","","Favoritos","Playlist",""
"Walls · Xavibo · Marc Seguí - Haciendo na","","","Favoritos","Playlist",""
"Rauw Alejandro - La Old Skul","","","Favoritos","Playlist",""
"Dejota2021 · Yera - Calor (Remix)","","","Favoritos","Playlist",""
"Nio Garcia · J Balvin · Bad Bunny · Angel M. Diaz Ramirez · Benito Antonio Martinez · Camille Marie Soto Malave · Elvin J. Robert Rodriguez · Hozwal Ortiz Velez · Jose Alvaro Osorio Balvin · Jose Angel Hernandez · Jose Y. Diaz Medina · Luis Quinones · Xavier Areizaga Padilla - AM Remix","","","Favoritos","Playlist",""
"Mora · Gabriel Mora Quintero - Volando","","","Favoritos","Playlist",""
"Brray · Zion - La Depre","","","Favoritos","Playlist",""
"Love Yi · Naes Beats · Víctor García Jiménez · Sergio Rovira Bonilla - M.U.T.E","","","Favoritos","Playlist",""
"Farruko - Pepas","","","Favoritos","Playlist",""
"Eladio Carrion · Bad Bunny · Benito Martinez Ocasio - Kemba Walker","","","Favoritos","Playlist",""
"Cubanbeef · Young Vene - Casualidad","","","Favoritos","Playlist",""
"Bad Bunny · Benito A. Martinez Ocasio · Eladio Carrion - 25/8","","","Favoritos","Playlist",""
"Bad Bunny - Otra Noche en Miami","","","Favoritos","Playlist",""
"Bad Bunny - Tenemos Que Hablar","","","Favoritos","Playlist",""
"Bad Bunny - Como Antes","","","Favoritos","Playlist",""
"Delgao - Reservao","","","Favoritos","Playlist",""
"Love Yi · Recycled J · Naes Beats · Víctor García - De Ti Me Olvido","","","Favoritos","Playlist",""
"Bizarrap · Eladio Carrion · Gonzalo Julian Conde · Eladio Carrion Morales III · Francisco Zecca - Eladio Carrion: Bzrp Music Sessions, Vol. 40/66","","","Favoritos","Playlist",""
"Chema Rivas - Mil Tequilas","","","Favoritos","Playlist",""
"Bad Bunny · Benito A. Martinez Ocasio - A Tu Merced","","","Favoritos","Playlist",""
"Nobeat · KHEA - Medio Crazy","","","Favoritos","Playlist",""
"Yampi · Ozuna · Myke Towers · Jan Carlos Ozuna · Michael Torres · Alexis Gotay · Jose Reyes · Orlando Cepeda - Estamo en Ley","","","Favoritos","Playlist",""
"Bad Bunny · Benito A. Martinez - Yonaguni","","","Favoritos","Playlist",""
"Lunay - TBC","","","Favoritos","Playlist",""
"Morad · Morad El Khattouti El Hormi · Voluptyk · TR Fact · SHB - Qué Pasa?","","","Favoritos","Playlist",""
"Dudi · Bejaa · Cubanbeef - Ahora pregunta por mi","","","Favoritos","Playlist",""
"El Bobe · alPeDue - Ella","","","Favoritos","Playlist",""
"Mora · Gabriel Mora Quintero - Fin del Mundo","","","Favoritos","Playlist",""
"Costa · MYGAL · Bebe · Costa · Bebe · Mygal - Ficción","","","Favoritos","Playlist",""
"Arce · Omar Montes - Tinder","","","Favoritos","Playlist",""
"Delgao · Only - Flaka","","","Favoritos","Playlist",""
"Cosculluela · Carlos Armando Rivas · Jaime Cosculluela · Joan Heriberto Tejeda · Joel Vázquez · José Fernando Cosculluela · José Javier Gómez · Samuel Serrano - DECIR ADIÓS","","","Favoritos","Playlist",""
"Kid Astro · WEST DUBAI - Todo el Día","","","Favoritos","Playlist",""
"VF7 · Lunay · Jefnier Osorio · Joan Antonio Gonzalez · Jorge Cedeno · Nino K Segarra · Sora And Company 1 · Valeria Fernandez - Codigo Secreto","","","Favoritos","Playlist",""
"Ozuna · Ovi · Jan Carlos Ozuna Rosado · Ovideo Crespo - Envidioso","","","Favoritos","Playlist",""
"Juanka · Jhayco - ¿Ahora Qué?","","","Favoritos","Playlist",""
"JHAYCO · Myke Towers - Subiendo De Nivel (Remix)","","","Favoritos","Playlist",""
"EMCEE - Tower","","","Favoritos","Playlist",""
"J Abdiel · Yan Block - Deja Vu (feat. Yan Block)","","","Favoritos","Playlist",""
"Yung Sarria · Alejandro Gil Rodriguez · Marco David Diaz Flores · Nelson Steven Sarria Castro - Trappin","","","Favoritos","Playlist",""
"Chanell - Inmoral","","","Favoritos","Playlist",""
"Anuel AA · Ozuna · Emmanuel Gazmey · Felix Ozuna · Jan Carlos Ozuna Rosado · Jesus Manuel Nieves Cortes · M. de la Cruz · Marcos Masis - 100","","","Favoritos","Playlist",""
"Mora · Jhayco · Gabriel Mora Quintero · Jesús Manuel Nieves Cortez - 512","","","Favoritos","Playlist",""
"Arcangel · Brytiago · Gigolo y La Exce - Todos la Conocen","","","Favoritos","Playlist",""
"Sahir - Fake Love","","","Favoritos","Playlist",""
"Arcangel · Bad Bunny - Infeliz feat. Bunny Bunny","","","Favoritos","Playlist",""
"Dalex · Sech · Justin Quiles - Perfume","","","Favoritos","Playlist",""
"Tainy · Alvaro Diaz · Feid - A Mi También","","","Favoritos","Playlist",""
"Alejandro Deese · J Heras - Medusa","","","Favoritos","Playlist",""
"Eladio Carrion · Brytiago · Bryan Santiago - 3 Am","","","Favoritos","Playlist",""
"Eladio Carrion · Jhayco - Hielo","","","Favoritos","Playlist",""
"Eladio Carrion · Miky Woodz · Miguel Angel Rivera Rodriguez - Mala Mia","","","Favoritos","Playlist",""
"Eladio Carrion · Arcangel - Vida Buena (Remix)","","","Favoritos","Playlist",""
"Bless · Anthony Xavier Benitez Elizalde · Geovanny Javier Chasiloa Caza · Cesar Andres Riofrio Cardenas - Fotos","","","Favoritos","Playlist",""
"Yan Block · Jay Wheeler · DJ Nelson - Vete Pal Carajo","","","Favoritos","Playlist",""
"Sahir - En la Mia","","","Favoritos","Playlist",""
"Nevo Angel · Paul Married - Stussy","","","Favoritos","Playlist",""
"Oscu · Kifykify · Oscu · Kifykify - Ta Chido","","","Favoritos","Playlist",""
"Urbøi · Uzielito Mix · El Habano - Para Lisa","","","Favoritos","Playlist",""
"Rauw Alejandro - Strawberry Kiwi","","","Favoritos","Playlist",""
"Arcangel · Jhay Cortez · Darell - Normal","","","Favoritos","Playlist",""
"Yandel · Myke Towers · Natti Natasha · Darell · Osval Elias Castro · Natalia Alexandra Gutierrez · Luian Malave · Edgar Wilmer Semper-Vargas · Xavier Alexis Semper-Vargas · Kedin Maysonet · Pablo C Fuentes · Rafael Salcedo · Michael Torres Monge · Llandel Veguilla Malave - Diablo en Mujer","","","Favoritos","Playlist",""
"Alex Sensation · Myke Towers · Jhayco · Arcángel · De La Ghetto · Darell - La Calle","","","Favoritos","Playlist",""
"Morad · Morad El Khattouti - Yo No Voy","","","Favoritos","Playlist",""
"Jeeiph - Bonita","","","Favoritos","Playlist",""
"Rei · Julian reininger - Mente Gitana","","","Favoritos","Playlist",""
"Skechi - Qué Le Voy a Hacer","","","Favoritos","Playlist",""
"Delgao - Callejera","","","Favoritos","Playlist",""
"Paris Boy - Problemas","","","Favoritos","Playlist",""
"DIAZZ - Pa' Siempre (Video Oficial)","","","Favoritos","Playlist",""
"Eladio Carrion · Zion & Lennox · Wisin & Yandel · Lunay · Felix Gerardo Ortiz Torres · Gabriel Pizarro · Juan Luis Morera Luna · Llandel Veguilla Malave · Jefnier Osorio Moreno - Mi Error (Remix)","","","Favoritos","Playlist",""
"Bad Bunny · Mora · Benito A. Martinez Ocasio · Gabriel Mora Quintero - HIBIKI","","","Favoritos","Playlist",""
"Bad Bunny · Young Miko · Benito A. Martinez Ocasio · Maria Victoria Ramirez · Tegui Calderon Rosario · Miguel Montoya · Samuel Jiménez - FINA","","","Favoritos","Playlist",""
"Bad Bunny · Benito A. Martinez Ocasio · Charles Aznavour · Samuel Jiménez - MONACO","","","Favoritos","Playlist",""
"Feid · Cupido - PRIVILEGIOS","","","Favoritos","Playlist",""
"Feid - LUCES DE TECNO","","","Favoritos","Playlist",""
"Bad Bunny · Benito A. Martinez Ocasio · Carlos Eleta Almaran - NADIE SABE","","","Favoritos","Playlist",""
"MIK MISH · fedesttar · Simon Sarmiento · Deazza · Federico Valderrama · Nicolas Yate - Backup","","","Favoritos","Playlist",""
"Raul Clyde · Raúl Pérez Marqués - LA ÚLTIMA NOCHE","","","Favoritos","Playlist",""
"Quevedo · SAIKO · Pedro Luis Domínguez Quevedo · GARABATTO - Buenas","","","Favoritos","Playlist",""
"Sech · Jay Wheeler · Carlos Isaias Morales · José Ángel López Martínez · Omar Perez · Ramiro Barsallo · Rafael Issacs Carvajal Sanchez - Sad Gang","","","Favoritos","Playlist",""
"C. Tangana - Nunca Estoy","","","Favoritos","Playlist",""
"Caleb Calloway · Saiko - CARNET","","","Favoritos","Playlist",""
"fedesttar · Santto XO - Aguachami","","","Favoritos","Playlist",""
"JHAYCO - Dilema","","","Favoritos","Playlist",""
"Mora · Gabriel Mora Quintero - MAREA","","","Favoritos","Playlist",""
"Mora · Álvaro Díaz · Gabriel Mora Quintero · Gabriel E. Rodriguez Morales - CÓRCEGA","","","Favoritos","Playlist",""
"Mora · Gabriel Mora Quintero · Kamil Jacob Assad - EL CHACAL","","","Favoritos","Playlist",""
"Mora · Gabriel Mora Quintero - FANTASÍAS","","","Favoritos","Playlist",""
"Mora · Saiko · Gabriel Mora Quintero · Miguel Cantos Gómez · Machael Angelo Cole · Jahaan Sweet · Ulises Baron Miranda · Malcolm Perry · Braxton Cook · Enrique Sanchez - REINA","","","Favoritos","Playlist",""
"Mora · Gabriel Mora Quintero - PASAJERO","","","Favoritos","Playlist",""
"Mora · Gabriel Mora Quintero - DONDE SE APRENDE A QUERER?","","","Favoritos","Playlist",""
"Mora · Gabriel Mora Quintero - MEDIA LUNA","","","Favoritos","Playlist",""
"Easykid - Siempre Pienso en Tí","","","Favoritos","Playlist",""
"Easykid · Lara Project - Baby Tk","","","Favoritos","Playlist",""
"Easykid · Kidd Voodoo - Cristina","","","Favoritos","Playlist",""
"Jory Boy · Lenny Tavárez · Sael - Santorini","","","Favoritos","Playlist",""
"Ivan Herzog · Ivan Herzog Vidal - 247","","","Favoritos","Playlist",""
"Alejo · Colla Sensi · Alejo - CREO QUE ES PA' TI","","","Favoritos","Playlist",""
"Saiko - Antidepresivos","","","Favoritos","Playlist",""
"legallyrxx - ARCHIVO 2.wav (SAN MIGUELITO)","","","Favoritos","Playlist",""
"Baskiat · Edwin José Collazos De La Hoz · César Augusto Betancourt · Robert Aguilera · Flambo · Rk Wavy - Shinpoo Pt.2","","","Favoritos","Playlist",""
"legallyrxx - Perriando Te Voy A Olvidar","","","Favoritos","Playlist",""
"Rels B · Daniel Heredia Vidal - SONRÍE ᐸ3","","","Favoritos","Playlist",""
"Sech · Mora · SAIKO · Carlos Isaias Morales · Garbiel Armando Mora Quintero · Miguel Cantos Gomez - Café Malibú","","","Favoritos","Playlist",""
"Rauw Alejandro - INQUIETO","","","Favoritos","Playlist",""
"Rauw Alejandro - CUKI","","","Favoritos","Playlist",""
"Quevedo · Pedro Luis Domínguez Quevedo · Javier Falquet Moragues · David Hernández García · Geovanny Javier Chasiloa Caza · Juan Pedro Moreno Carril - Columbia","","","Favoritos","Playlist",""
"Tainy · Mora · Zion - BUENOS AIRES","","","Favoritos","Playlist",""
"Bon Calso · Jorge Gonzalez · Jorge Gonzalez - Ojalá","","","Favoritos","Playlist",""
"Pol Granch - No Pegamos","","","Favoritos","Playlist",""
"Eladio Carrion - Tu Amor","","","Favoritos","Playlist",""
"Soge Culebra · Micro TDH - BALADAS","","","Favoritos","Playlist",""
"DUKI · Mauro Ezequiel Lombardo · Federico Yesan Rojas · Tomás Santos Juan · Iván Woscoboinik · Alejandro Alvarez Murga - GiGi","","","Favoritos","Playlist",""
"Raul Clyde - COSTABLANCA","","","Favoritos","Playlist",""
"Saiko · Quevedo · Feid · Mora · Miguel Cantos Gómez · Salomón Villada Hoyos · Pedro Luis Domínguez Quevedo · Gabriel Mora Quintero - POLARIS (Remix)","","","Favoritos","Playlist",""
"legallyrxx - Weekndᐸ3","","","Favoritos","Playlist",""
"Haze · Jhayco - En To Lao","","","Favoritos","Playlist",""
"Young Miko · Jowell & Randy - ID","","","Favoritos","Playlist",""
"Anuel AA · Emmanuel Gazmey Santiago - El Manual","","","Favoritos","Playlist",""
"Cruz Cafuné · Carlos Bruñas Zamorin - s3_e07_theboondocks_dvdrip.mpeg","","","Favoritos","Playlist",""
"Cruz Cafuné · Abhir Rajesh Hathiramani · Carlos Bruñas Zamorin · Cristina Carolina Zumaquero Garriga - Retro 11s","","","Favoritos","Playlist",""
"Cruz Cafuné · La Pantera · Carlos Bruñas Zamorin · Sergio Aimar Castellano Almeida - G WAGON","","","Favoritos","Playlist",""
"Cruz Cafuné · Carlos Bruñas Zamorin · Isaac Calderón Español - Cangrinaje","","","Favoritos","Playlist",""
"Rauw Alejandro - CORAZÓN DESPEINADO","","","Favoritos","Playlist",""
"Happykid · legallyrxx · Alan Octavio Mex Hernández · Kevin Manuel Miranda Salpica - BB SI SUPIERASᐸ\3","","","Favoritos","Playlist",""
"legallyrxx - Un despecho de legally","","","Favoritos","Playlist",""
"KHEA - DE LA TIERRA A MARTE","","","Favoritos","Playlist",""
"KHEA · Asan - INTERLUV RCP ᐸ/3 Ft. Asan","","","Favoritos","Playlist",""
"KHEA - VOLVERÁS","","","Favoritos","Playlist",""
"Zakyo · David Marley - BERMUDAS","","","Favoritos","Playlist",""
"Zakyo · David Marley - Dueto Leyenda","","","Favoritos","Playlist",""
"Zakyo · David Marley - REALIDAD","","","Favoritos","Playlist",""
"Alejo · Colla Sensi · Alejo · Izon - CORAZONES AZULES","","","Favoritos","Playlist",""
"Zakyo · David Marley - BELLAKERA","","","Favoritos","Playlist",""
"Alejo · Colla Sensi · Alejo · Daddysillo · Huertas · Baez - CANDY ""4:00 PG""","","","Favoritos","Playlist",""
"Alejo · Colla Sensi · Alejo · Brray · Brray - TU GATITO","","","Favoritos","Playlist",""
"ODDLIQUOR · marquitos - CURSIII","","","Favoritos","Playlist",""
"Mora · Gabriel Mora Quintero - Primer Dia de Clases","","","Favoritos","Playlist",""
"Rvfv - Que te vaya bien","","","Favoritos","Playlist",""
"Juseph · Quevedo · Kevin Juseph Zapata Rodriguez · Pedro Dominguez Quevedo - La nena","","","Favoritos","Playlist",""
"Delgao · Soge Culebra · D3llano - Angelito (Remix)","","","Favoritos","Playlist",""
"Feid · Ak4:20 · Taiko - Malibu","","","Favoritos","Playlist",""
"Saiko · Bluefire · miguel cantos gomez - San Walter","","","Favoritos","Playlist",""
"Brytiago · Ak4:20 - Ganas de Verte","","","Favoritos","Playlist",""
"Baskiat - Pa Culear","","","Favoritos","Playlist",""
"Soge Culebra · Saiko - UNA ÚLTIMA VEZ","","","Favoritos","Playlist",""
"Soge Culebra - AIRBAG","","","Favoritos","Playlist",""
"ELIZALDE · Fabbio · Dímelo Milo - JUEVES (feat. Fabbio, Dímelo Milo)","","","Favoritos","Playlist",""
"Saiko · Ramón Melendi Espina · Miguel Cantos Gómez - SUPERNOVA","","","Favoritos","Playlist",""
"Kidd Keo - Drugz Education","","","Favoritos","Playlist",""
"Soge Culebra · Dylan Fuentes - Cosas que contarte","","","Favoritos","Playlist",""
"ROBI - Tu Mundo","","","Favoritos","Playlist",""
"Baskiat · César Augusto Betancourt - Fiera","","","Favoritos","Playlist",""
"Baskiat · César Augusto Betancourt - Quillamixxx","","","Favoritos","Playlist",""
"Deimi - Enigma","","","Favoritos","Playlist",""
"Baskiat · César Augusto Betancourt · Pichu Flexx - Los Paris","","","Favoritos","Playlist",""
"JHAYCO - Nos Matamos","","","Favoritos","Playlist",""
"Baskiat · César Augusto Betancourt · Edwin José Collazos De La Hoz · Flambo - Antonia (La Última Vuelta)","","","Favoritos","Playlist",""
"Baskiat · César Augusto Betancourt - Rompecabezas","","","Favoritos","Playlist",""
"Baskiat · RoyalLive - Báilame Que Luego Te Vas","","","Favoritos","Playlist",""
"ROSALÍA · Rauw Alejandro - BESO","","","Favoritos","Playlist",""
"paopao · Jay Wheeler - te kiero ver","","","Favoritos","Playlist",""
"Myke Towers - LALA","","","Favoritos","Playlist",""
"Myke Towers - SÁBADO","","","Favoritos","Playlist",""
"Eladio Carrión - ¿Qué Carajos Quieres Tú Ahora?","","","Favoritos","Playlist",""
"Feid - REMIX EXCLUSIVO","","","Favoritos","Playlist",""
"Eladio Carrión · Eladio Carrion - Haciendo Dinero","","","Favoritos","Playlist",""
"Eladio Carrión - Quizás, Tal Vez","","","Favoritos","Playlist",""
"Eladio Carrión - Mala Mía Otra Vez","","","Favoritos","Playlist",""
"Eladio Carrión · Bad Bunny · Benito A Martinez Ocasio - Coco Chanel","","","Favoritos","Playlist",""
"Eladio Carrión - Cuevita","","","Favoritos","Playlist",""
"Eladio Carrión - Padre Tiempo","","","Favoritos","Playlist",""
"Eladio Carrión · SHB · Hydro - Betty","","","Favoritos","Playlist",""
"JHAYCO - Kobe En LA","","","Favoritos","Playlist",""
"Eladio Carrion · La Manta · Joel Cespedes - Que Me Importa","","","Favoritos","Playlist",""
"Eladio Carrion - Hola Como Vas","","","Favoritos","Playlist",""
"Polimá Westcoast · Quevedo · Mora - LACONE","","","Favoritos","Playlist",""
"Feid - AMOR DE MI VIDA","","","Favoritos","Playlist",""
"Bad Bunny · ABRA · Benito A. Martínez Ocasio - SORRY PAPI","","","Favoritos","Playlist",""
"Eladio Carrion · Eladio Carrion Morales - Caras Vemos","","","Favoritos","Playlist",""
"Bad Bunny · Yaviah · Benito A. Martinez Ocasio · Javier Alexis Marcano Rodríguez - Bichiyal","","","Favoritos","Playlist",""
"JHAYCO - Me Extraña","","","Favoritos","Playlist",""
"David Marley · Jeeiph · JC Reyes - Antes de dormir (Remix)","","","Favoritos","Playlist",""
"Homeboiii - pudiste dormir???","","","Favoritos","Playlist",""
"DEKKO - El Cielo Se Me Cayó","","","Favoritos","Playlist",""
"Rauw Alejandro - DIME QUIÉN????","","","Favoritos","Playlist",""
"Mora · Gabriel Mora Quintero - badtrip :(","","","Favoritos","Playlist",""
"Feid · Manuel Turizo - BORRAXXA","","","Favoritos","Playlist",""
"Feid · Maluma · Sky Rompiendo - FRESH KERIAS","","","Favoritos","Playlist",""
"Feid - ATEO","","","Favoritos","Playlist",""
"Feid - TX VXS","","","Favoritos","Playlist",""
"Sael - Europeo","","","Favoritos","Playlist",""
"Saiko · The Prodigiez · Miguel Cantos Gomez - Sikora","","","Favoritos","Playlist",""
"Yandel · Baby Rasta y Gringo · Ernesto Fidel Padilla · Wilmer Manuel Alicea · Samuel Gerena Monge · Yandel Veguilla Malave · Ismael Guerra · Adrian Llandel Veguilla-Espada - Anda Decidida","","","Favoritos","Playlist",""
"Aya Nakamura · Myke Towers - T'as peur","","","Favoritos","Playlist",""
"Eladio Carrion - Toretto","","","Favoritos","Playlist",""
"Eladio Carrion - Adiós","","","Favoritos","Playlist",""
"Eladio Carrion - 4 Am","","","Favoritos","Playlist",""
"Eladio Carrion · Lunay · Jefnier Osorio Moreno - Nena Buena","","","Favoritos","Playlist",""
"Chesca · Dalex - Easy","","","Favoritos","Playlist",""
"Omy De Oro · Rochy RD - Maliante","","","Favoritos","Playlist",""
"Quevedo · Pedro Domínguez Quevedo · GARABATTO - LISBOA","","","Favoritos","Playlist",""
"Quevedo · Pedro Domínguez Quevedo · GARABATTO - ÉRAMOS DOS","","","Favoritos","Playlist",""
"Quevedo · Ovy On The Drums · Pedro Domínguez Quevedo - WANDA","","","Favoritos","Playlist",""
"Quevedo · JC Reyes · GARABATTO · Pedro Domínguez Quevedo · Juan Manuel Cortes Reyes - MUÑECA","","","Favoritos","Playlist",""
"Quevedo · GARABATTO · Pedro Domínguez Quevedo - CUÉNTALE","","","Favoritos","Playlist",""
"fedesttar - Playa Escondida","","","Favoritos","Playlist",""
"Yandel · Ernesto Fidel Padilla · Hector Caleb Lopez Jimenez · Diego Lopez Crespo · Llandel Veguilla Malave - Invencible","","","Favoritos","Playlist",""
"Yandel · Ñejo Y Dálmata · Carlos Crespo Planas · Fernando Mangual Vasquez · Llandel Veguilla Malave · Michael Sanchez Sanchez · Julian Maya Yepes · Rafael Regginalds Aponte - Poropopompon","","","Favoritos","Playlist",""
"Yandel · Young Miko · Maria Victoria Ramirez de Arellano · Llandel Veguilla Malave · Hector Caleb Lopez Jimenez · Jean Viana · Oscar Ortiz · Joan Manuel Ubiñas Jimenez · Diego Lopez Crespo - Cuando Te Toca","","","Favoritos","Playlist",""
"ABHIR · Saiko · Abhir Hathi · Blurred Mirror · Choclock · Saint Lowe - Keonda","","","Favoritos","Playlist",""
"David Marley · Antony Z · Saiko · Vera GRV · Delvalle · Toni Anzis - COMO TE LLAMABAS? (feat. Vera GRV, Delvalle & Toni Anzis)","","","Favoritos","Playlist",""
"Saiko · Came Beats · miguel cantos gomez - Atea","","","Favoritos","Playlist",""
"Yandel · Farruko · Arcangel · Llandel Veguilla Malave · Austin Agustin Santos · Joan Manuel Ubinas Jimenez · Ernesto Fidel Padilla · Carlos Efren Correa · Franklin Jovani Martinez · Marco G Perez · Andy Bauza A/K/A White star - Ella Entendio","","","Favoritos","Playlist",""
"Anuel AA · Christian Adorno · Daniel Mizrahi · Emmanuel Gazmey Santiago · Ervin Quiroz · Joan Antonio Gonzalez Marrero · Jordan Emil Miranda Rivera · Juan Jose Botero · Max Borghetti - Tiene Novio","","","Favoritos","Playlist",""
"Anuel AA · Emmanuel Gazmey Santiago - Me Siento HP","","","Favoritos","Playlist",""
"Almighty · Rauw Alejandro · Lyanno · Myke Towers - Abusadora","","","Favoritos","Playlist",""
"ELIZALDE - SIN FRENO","","","Favoritos","Playlist",""
"Bad Bunny · Benito A. Martínez Ocasio - 120","","","Favoritos","Playlist",""
"Mora · Gabriel Mora Quintero - CASUALIDAD","","","Favoritos","Playlist",""
"Mora · paopao · Gabriel Mora Quintero · Paola Nicole Marrero Rodríguez - COSITAS","","","Favoritos","Playlist",""
"Mora · Gabriel Mora Quintero - MALAFAMA","","","Favoritos","Playlist",""
"Mora · Quevedo · Gabriel Mora Quintero · Pedro Luis Domínguez Quevedo - APA","","","Favoritos","Playlist",""
"Mora · Gabriel Mora Quintero · Alizzz · Tunvao - COMO HAS ESTAU?","","","Favoritos","Playlist",""
"Yandel · Jhayco · Llandel Veguilla Malave · Roberto Vazquez · Jesus Manuel Nieves Cortez · Carlos Enrique Briceno · Brigram John Zayas · Jose Jesus Tousaint - Ponme al Dia","","","Favoritos","Playlist",""
"Natanael Cano || BZRP Music Sessions #59/66","","","Favoritos","Playlist",""
"Big Soto · Mora · ARON · Neneto · Gustavo Guerrero Soto · Aron Julio Manuel Piper Barbero · Gabriel Mora Quintero · Ernesto Suarez · Laura Virginia Robles · Carlos Julian Martinez - Serotonina","","","Favoritos","Playlist",""
"Myke Towers · Jhayco - Ande Con Quien Ande","","","Favoritos","Playlist",""
"Bores D · El Bobe - Julieta","","","Favoritos","Playlist",""
"Mora · Gabriel Mora Quintero - Desaparecer","","","Favoritos","Playlist",""
"Feid - Nieve","","","Favoritos","Playlist",""
"Zion & Lennox · Maria Becerra - Berlin","","","Favoritos","Playlist",""
"Crie 930 - Traviesa","","","Favoritos","Playlist",""
"Acereda · Dudi · Mario Milán - MIL BOTELLAS","","","Favoritos","Playlist",""
"Juancho Marqués · Recycled J · InnerCut - Ibiza","","","Favoritos","Playlist",""
"Cma · SUOB · Delgao - Cosas que pasan","","","Favoritos","Playlist",""
"Marc Seguí · Xavibo - cara :)","","","Favoritos","Playlist",""
"Sebastián Cortés · Casky - Solo Me Gustas Tú","","","Favoritos","Playlist",""
"Delgao · D3llano - Amor kinky","","","Favoritos","Playlist",""
"Delgao · Hens · D3llano - Lento","","","Favoritos","Playlist",""
"Ozuna · Jan Carlos Ozuna Rosado · Joel Ismael Vazquez · Jaime Cosculluela · Carlos Vidal Mejias Negrin · Feliz Ozuna · Jose Antonio Aponte - G Wagon","","","Favoritos","Playlist",""
"Bad Bunny · Benito Antonio Martínez Ocasio · Mick Coogan - Moscow Mule","","","Favoritos","Playlist",""
"Empyre00 · Neivi · Willi.Ch - Defqon","","","Favoritos","Playlist",""
"Bad Bunny · Benito Antonio Martínez Ocasio - Dos Mil 16","","","Favoritos","Playlist",""
"Bad Bunny · Benito Antonio Martínez Ocasio - Enséñame a Bailar","","","Favoritos","Playlist",""
"Bad Bunny · Bomba Estéreo · Benito Antonio Martínez Ocasio · Liliana Margarita Saumet - Ojitos Lindos","","","Favoritos","Playlist",""
"Bad Bunny · Rauw Alejandro · Benito Antonio Martínez Ocasio · Raul Alejandro Ocasio Ruiz - Party","","","Favoritos","Playlist",""
"Bad Bunny · Tony Dize · Benito Antonio Martínez Ocasio - La Corriente","","","Favoritos","Playlist",""
"Bad Bunny · Benito Antonio Martínez Ocasio - Neverita","","","Favoritos","Playlist",""
"Bad Bunny · Benito Antonio Martínez Ocasio - Tití Me Preguntó","","","Favoritos","Playlist",""
"Daf Code · Tony Cobb · David Álvarez · Antonio Correa - Envenená","","","Favoritos","Playlist",""
"Lyanno - Tres Amigas (Visualizer) | El Cambio","","","Favoritos","Playlist",""
"Macías - OJERAS Y POTAS","","","Favoritos","Playlist",""
"Lyanno - Guay (Video Oficial)","","","Favoritos","Playlist",""
"Mora · Gabriel Mora Quintero - ESCALOFRÍOS","","","Favoritos","Playlist",""
"Mora · Gabriel Mora Quintero - ORO ROSADO","","","Favoritos","Playlist",""
"Mora · Gabriel Mora Quintero · Xabier Plaza Garcia · Andoni Poza Prieto - OJOS COLORAU","","","Favoritos","Playlist",""
"Mora · Gabriel Mora Quintero - 2010","","","Favoritos","Playlist",""
"Mora · Jhayco · Gabriel Mora Quintero · Jesús Manuel Nieves Cortez - MEMORIAS","","","Favoritos","Playlist",""
"DUKI · De La Ghetto · Quevedo · Mauro Ezequiel Lombardo · Miguel Martinez · Pedro Dominguez Quevedo · Rafael Castillo Jr · Federico Yesan Rojas - Si Quieren Frontear","","","Favoritos","Playlist",""
"Saiko · Quevedo · La mano de oro - Jordan I","","","Favoritos","Playlist",""
"D Kaste · Kaioshin · David Castellanos Muelas · Hugo Blanco Fernández - Afrodita","","","Favoritos","Playlist",""
"Samuel SLZR · Dawson Beats - Ki-Fi","","","Favoritos","Playlist",""
"Rels B · Daniel Heredia Vidal - 23 FEB MADRID FREESTYLE","","","Favoritos","Playlist",""
"EMEKA · Denso - Con Cariño","","","Favoritos","Playlist",""
"Manu Cort · Carli Nistal - San Paolo","","","Favoritos","Playlist",""
"Posesivo (Filtrada) - Bad Bunny","","","Favoritos","Playlist",""
"Tatta, Denso - Se piensa (Videoclip)","","","Favoritos","Playlist",""
"Yan Block · Carlos Yandre Martín Marrero - Media Hora","","","Favoritos","Playlist",""
"ROA · De La Rose · Luar La L · Yan Block · Omar Courtz - ETA (RMX)","","","Favoritos","Playlist",""
"legallyrxx · Nsqk - LAS PRIMERAS FLORES","","","Favoritos","Playlist",""
"AISSA · Kidd Voodoo · GIO · Aissa El Aslani Erra · David Leon Urbina · Yassir Baitra - AwA De COCO","","","Favoritos","Playlist",""
"AISSA · Aissa El Aslani Erra · Yassir Baitra - No Me Lo Me (interludio) Rezco","","","Favoritos","Playlist",""
"AISSA · Aissa El Aslani Erra · Yassir Baitra - NO EST (hoy) BB","","","Favoritos","Playlist",""
"Zakyo · David Marley · Antonio José Martínez - perfecto","","","Favoritos","Playlist",""
"Quevedo · Sech · Pedro Luis Domínguez Quevedo · Geovanny Javier Chasiloa Caza · Javier Falquet Moragues · Juan Pedro Moreno Carrill · Carlos Isaías Morales · David Hernández García - TE FALLÉ","","","Favoritos","Playlist",""
"Quevedo · Pedro Luis Domínguez Quevedo · Geovanny Javier Chasiloa Caza · Javier Falquet Moragues · Juan Pedro Moreno Carrill · Francisco Zecca · Nicolás Jaña · David Hernández García - EL ESTRIBILLO","","","Favoritos","Playlist",""
"Quevedo · Pedro Luis Domínguez Quevedo · Geovanny Javier Chasiloa Caza · Javier Falquet Moragues · Juan Pedro Moreno Carrill · David Hernández García - SHIBATTO","","","Favoritos","Playlist",""
"Quevedo · Pedro Luis Domínguez Quevedo · Geovanny Javier Chasiloa Caza · Javier Falquet Moragues · Juan Pedro Moreno Carrill · David Hernández García - NOEMÚ","","","Favoritos","Playlist",""
"Quevedo · La Pantera · Pedro Luis Domínguez Quevedo · Geovanny Javier Chasiloa Caza · Javier Falquet Moragues · Juan Pedro Moreno Carrill · Sergio Aimar Castellano Almeida · David Hernández García - HALO","","","Favoritos","Playlist",""
"Quevedo · Pitbull · Pedro Luis Domínguez Quevedo · Geovanny Javier Chasiloa Caza · Javier Falquet Morague · Juan Pedro Moreno Carrill · Armando Christian Pérez · David Hernández García - MR. MOONDIAL","","","Favoritos","Playlist",""
"Quevedo · Sin Nombre · Christopher Gomez Quezada · Geovanny Javier Chasiloa Caza · Javier Falquet Moragues · Juan Pedro Moreno Carrill · Pedro Luis Domínguez Quevedo · David Hernández García - 14 FEBREROS","","","Favoritos","Playlist",""
"Quevedo · Pedro Luis Domínguez Quevedo · Geovanny Javier Chasiloa Caza · Javier Falquet Moragues · Juan Pedro Moreno Carrill · Mohamed Yassir Baitra · Jader Omar Mantilla Cañas · David Hernández García - POR ATRÁS","","","Favoritos","Playlist",""
"Quevedo · Pedro Luis Domínguez Quevedo · Geovanny Javier Chasiloa Caza · Javier Falquet Moragues · Juan Pedro Moreno Carrill · David Hernández García - IGUALES","","","Favoritos","Playlist",""
"Quevedo · Pedro Luis Domínguez Quevedo · Geovanny Javier Chasiloa Caza · Javier Falquet Moragues · Juan Pedro Moreno Carrill · Jader Omar Mantilla Cañas · David Hernández García - KASSANDRA","","","Favoritos","Playlist",""
"Quevedo · Pedro Luis Domínguez Quevedo · Geovanny Javier Chasiloa Caza · Javier Falquet Moragues · Juan Pedro Moreno Carrill · David Hernández García - BUENAS NOCHES","","","Favoritos","Playlist",""
"Womar · Eman - PRICELESS","","","Favoritos","Playlist",""
"Zakyo · David Marley · Antonio Martínez - haribo","","","Favoritos","Playlist",""
"Womar - 2810","","","Favoritos","Playlist",""
"Womar · Mxstv! - gums&cigaRs","","","Favoritos","Playlist",""
"Womar · mauvetrip - SHOWER TALKS","","","Favoritos","Playlist",""
"Soge Culebra - BASILISCO","","","Favoritos","Playlist",""
"Easykid · Alejo · Joaquin Palacios Zamorano - 3D","","","Favoritos","Playlist",""
"Soge Culebra · Botlok - IKIGAI","","","Favoritos","Playlist",""
"C Marí · Carlos Marí Cervera - Qtalhoy","","","Favoritos","Playlist",""
"Gonzy - MUSA ETERNA","","","Favoritos","Playlist",""
"Gonzy - FRIKI","","","Favoritos","Playlist",""
"Gonzy - SE ME VA","","","Favoritos","Playlist",""
"Gonzy - LIKE POR IG","","","Favoritos","Playlist",""
"Gonzy - AGUANTA","","","Favoritos","Playlist",""
"C Marí · BLNCO · Carlos Marí Cervera - Tu Forma de Amar","","","Favoritos","Playlist",""
"Caleb Calloway · Alejo - Bajo La Lluvia","","","Favoritos","Playlist",""
"Caleb Calloway · Gonzy · Maldy - Sata","","","Favoritos","Playlist",""
"Smash hits · De La Rose · super solo · mistel kind · Edwin F. Díaz Quiñones · Carlos E. Cortés Quiñones · Juan Carlos Melendez · Franko Enrique Torres Quiñones · Yuberkis Gabriela De La Rosa Bryan - Call Center","","","Favoritos","Playlist",""
"Nsqk · Nina - los alpes","","","Favoritos","Playlist",""
"Omar Courtz · De La Rose · Joshua Omar Medina Cortes · Yuberkis de la Rosa Bryan · Sebastian A. Encarnacion Rodriguez p/k/a ""Bassyy"" · Joedryell Velazquez Diaz p/k/a ""Joedyyrt - Q U E V A S H A C E R H O Y ?","","","Favoritos","Playlist",""
"Omar Courtz · Joshua Omar Medina Cortes - A L O C A - T","","","Favoritos","Playlist",""
"Omar Courtz · Bryant Myers · Joshua Omar Medina Cortes · Jan C. Blake Vazquez · Bryan Robert Rohena Perez · Sebastian Andres Encarnacion aka ""Bassyy"" - 2 K 1 6","","","Favoritos","Playlist",""
"Omar Courtz · Joshua Omar Medina Cortes · Kenneth A. Rivera · Diego Alejandro Fernandez · Jeremiah Rodriguez - ⁠P o l v o s Q u e N o S e O l v i d a n","","","Favoritos","Playlist",""
"Blessd · Ryan Castro · Bryant Myers · Hades66 - PALABRAS SOBRAN (feat. Hades66) (Remix)","","","Favoritos","Playlist",""
"ROA · Hades66 · Luar La L - UuU 2","","","Favoritos","Playlist",""
"JHAYCO - Natural","","","Favoritos","Playlist",""
"JHAYCO - Grecia","","","Favoritos","Playlist",""
"JHAYCO · Yandel · Haze - Porsche Carrera","","","Favoritos","Playlist",""
"JHAYCO · Dei V - 58","","","Favoritos","Playlist",""
"JHAYCO - Graxxx & QSJM","","","Favoritos","Playlist",""
"JHAYCO - Mokai","","","Favoritos","Playlist",""
"JHAYCO - 2C","","","Favoritos","Playlist",""
"JHAYCO - Viene BASQUIAT…","","","Favoritos","Playlist",""
"JHAYCO · Eladio Carrion · Omar Courtz - No Entiendo","","","Favoritos","Playlist",""
"JHAYCO · DJ Khaled · YOVNGCHIMI - Le Clique","","","Favoritos","Playlist",""
"JHAYCO - Joe","","","Favoritos","Playlist",""
"JHAYCO - Ferragamo","","","Favoritos","Playlist",""
"JHAYCO - Murci","","","Favoritos","Playlist",""
"ElRubiusOMG - Minero (Orquestal Version)","","","Favoritos","Playlist",""
"Vare gang - Kit Kat","","","Favoritos","Playlist",""
"Nsqk - misa","","","Favoritos","Playlist",""
"ODDLIQUOR · marquitos - CON LOQ1 NACE","","","Favoritos","Playlist",""
"Came Beats · Raul Clyde · alejo · Raul Clyde · Rubén Alejandro Estrada Feliu · Raúl Pérez Marqués · Alejandro Goncalves Landa - Vivienne","","","Favoritos","Playlist",""
"Raul Clyde · La Pantera · Raúl Pérez Marqués · Sergi Gil Corral · Sergio Hernandez - seadoO","","","Favoritos","Playlist",""
"Raul Clyde · Soge Culebra · Gabriel José Gómez · Javier Falquet · Raúl Pérez Marqués · Sergi Gil Corral - JOYYY","","","Favoritos","Playlist",""
"céro · D3llano - PACMAN","","","Favoritos","Playlist",""
"céro · Kabasaki - patio andaluz","","","Favoritos","Playlist",""
"céro - lady madrizZz","","","Favoritos","Playlist",""
"céro · D3llano - escribiendo TKM","","","Favoritos","Playlist",""
"céro · paopao - doble AA","","","Favoritos","Playlist",""
"Omar Courtz · Dei V · Joshua Omar Medina Cortes · David Juarbe · Jodryell Velazquez Diaz - DRIPPEO KBRON","","","Favoritos","Playlist",""
"Omar Courtz · Joshua Omar Medina Cortes · Jesus Eduardo Fernandez Calderon · Marko Cervantes · Jodryell Velazquez Diaz - UNA NOTi","","","Favoritos","Playlist",""
"Omar Courtz · Anuel AA · Joshua Omar Medina Cortes · Emmanuel Gazmey Santiago · Sebastian A. Encarnacion Rodriguez p/k/a ""Bassyy"" - SERIO CON ESE Q","","","Favoritos","Playlist",""
"Omar Courtz · Joshua Omar Medina Cortes · Jodryell Velazquez Diaz · Adrian Agusto Sanchez · Jonathan Asca · Andres Felipe Corredor - ⁠LUCES DE COLORES","","","Favoritos","Playlist",""
"Omar Courtz · De La Rose · Haze - Kyoto","","","Favoritos","Playlist",""
"Tainy · Alvaro Diaz - PARANORMAL","","","Favoritos","Playlist",""
"Tainy · Kris Floyd · Judeline - si preguntas por mi","","","Favoritos","Playlist",""
"Tainy · Bad Bunny - MOJABI GHOST","","","Favoritos","Playlist",""
"Tainy · Jhayco - FANTASMA | AVC","","","Favoritos","Playlist",""
"Tainy · Sech · E.VAX - 11 Y ONCE","","","Favoritos","Playlist",""
"Tainy · Arcángel · Jhayco · Myke Towers · Omar Courtz · Arca - PASIEMPRE","","","Favoritos","Playlist",""
"Saiko · Polimá Westcoast - Siempre vas a volver","","","Favoritos","Playlist",""
"Soge Culebra · Lucho RK · Mr. Naisgai - IBIZA","","","Favoritos","Playlist",""
"Marcelo Rubio - Luna (pag.1)","","","Favoritos","Playlist",""
"3AM - Por Ti","","","Favoritos","Playlist",""
"3AM - Vuela","","","Favoritos","Playlist",""
"3AM - Distancia","","","Favoritos","Playlist",""
"3AM - Siempre","","","Favoritos","Playlist",""
"3AM · Babi - Tarde","","","Favoritos","Playlist",""
"Alejo · OKELO - COMO NICKY ""NIKKI 2""","","","Favoritos","Playlist",""
"Alejo · Alejo - COSMO","","","Favoritos","Playlist",""
"Alvaro Diaz - QUIÉN TE QUIERE COMO EL NENE","","","Favoritos","Playlist",""
"Orslok · Rojuu · Roc Jou · Germán Garcia - Tofu Delivery","","","Favoritos","Playlist",""
"Eladio Carrión · Eladio Carrion - Susanoo","","","Favoritos","Playlist",""
"Eladio Carrión · Eladio Carrion - Henny Mood","","","Favoritos","Playlist",""
"Saiko · Omar Montes · Miguel Cantos Gómez - YO LO SOÑÉ","","","Favoritos","Playlist",""
"Saiko · Miguel Cantos Gómez - ÁNGEL DE LA GUARDA (PÓSTUMO)","","","Favoritos","Playlist",""
"Saiko · Sky Rompiendo · Miguel Cantos Gómez - NANA DEL HILO ROJO","","","Favoritos","Playlist",""
"Saiko · Miguel Cantos Gómez - FINALES DE AGOSTO","","","Favoritos","Playlist",""
"Saiko · JC Reyes · Dei V · Juan Manuel Cortes Reyes · Miguel Cantos Gómez · Dei V appears courtesy of Under Water Music / Encore Recordings - BADGYAL","","","Favoritos","Playlist",""
"Saiko · Bryant Myers · Bryan Rohena Pérez · Miguel Cantos Gómez - ESKELETO","","","Favoritos","Playlist",""
"Saiko · J Balvin · José Álvaro Osorio Balvín · Miguel Cantos Gómez - COMETA HALLEY","","","Favoritos","Playlist",""
"Saiko · Miguel Cantos Gómez - COMO SUENAN LAS ESTRELLAS","","","Favoritos","Playlist",""
"Saiko · Sky Rompiendo · Miguel Cantos Gómez - BOREAL","","","Favoritos","Playlist",""
"Saiko · Miguel Cantos Gómez - 3 CAÍDAS","","","Favoritos","Playlist",""
"Myke Towers · Bad Bunny - ADIVINO","","","Favoritos","Playlist",""
"Rels B · Daniel Heredia Vidal - OCEAN PIANO)))))","","","Favoritos","Playlist",""
"Rels B · Daniel Heredia Vidal - se apaga // me apago","","","Favoritos","Playlist",""
"Rels B · Junior H · Daniel Heredia Vidal · Antonio Herrera Pérez · David E Álvarez - Un Desperdicio","","","Favoritos","Playlist",""
"Jay Wheeler · Mora - Textos Fríos","","","Favoritos","Playlist",""
"Wisin · Mora · Gabriel Mora · Juan Luis Morera Luna · Martin Rodriguez Vicente · Michael Angelo Cole Garrido · Yan Carlo Francisco Guzman Velasquez - Bien Loco","","","Favoritos","Playlist",""
"Wisin · Ozuna · Bad Bunny · De La Ghetto · Arcángel · Noriel · Almighty - Escápate Conmigo (Remix)","","","Favoritos","Playlist",""
"Anitta · Brray · Bad Gyal - Double Team","","","Favoritos","Playlist",""
"The Academy: Segunda Misión · Dimelo Flow · Sech · Justin Quiles · Lenny Tavárez · Dalex · Natti Natasha · iZaak - EL ROYCE (feat. Natti Natasha, iZaak)","","","Favoritos","Playlist",""
"The Academy: Segunda Misión · Lenny Tavárez · Sech · Justin Quiles · Dalex · Dimelo Flow · Arcángel · De La Ghetto · Randy - FLOWHOT (feat. Arcángel, De La Ghetto, Randy)","","","Favoritos","Playlist",""
"The Academy: Segunda Misión · Sech · Lenny Tavárez · Justin Quiles · Dalex · Dimelo Flow · Yandel · Jay Wheeler - QUÍTENME EL TELÉFONO (feat. Yandel, Jay Wheeler)","","","Favoritos","Playlist",""
"The Academy: Segunda Misión · Sech · Justin Quiles · Lenny Tavárez · Dalex · Dimelo Flow · Myke Towers - LA RANGER (feat. Myke Towers)","","","Favoritos","Playlist",""
"The Academy: Segunda Misión · Justin Quiles · Sech · Lenny Tavárez · Dalex · Dimelo Flow · Eladio Carrion · Bryant Myers · Dei V - SI SI SI SI (feat. Eladio Carrion, Bryant Myers, Dei V)","","","Favoritos","Playlist",""
"Marcelo Rubio - El día que vuelvas","","","Favoritos","Playlist",""
"Marcelo Rubio - Conversacion con mi ex","","","Favoritos","Playlist",""
"Marcelo Rubio · Omar K11 - lo que nunca fuimos","","","Favoritos","Playlist",""
"Marcelo Rubio - Besos desechables","","","Favoritos","Playlist",""
"Marcelo Rubio - Si el amor es temporal","","","Favoritos","Playlist",""
"Marcelo Rubio - Atrapasueños","","","Favoritos","Playlist",""
"Ryan Castro · Bryan David Castro Sosa ""Ryan Castro"" · Santiago Orrego Gallego “SOG” - Malory","","","Favoritos","Playlist",""
"Ovy On The Drums · Myke Towers · Saiko - DESATAAA","","","Favoritos","Playlist",""
"Brray · Feid - Te Colaboro","","","Favoritos","Playlist",""
"Alejo · Caleb Calloway · Ruben Alejandro Estrada - Location","","","Favoritos","Playlist",""
"Alejo · Feid · ROBI - Pantysito","","","Favoritos","Playlist",""
"Alejo · Alejo - Se Enamoró de un Reggaetonero","","","Favoritos","Playlist",""
"Jotaerre · KAROL G · Alejo · Moffa - Un Viaje","","","Favoritos","Playlist",""
"Alejo · Young Miko · Ruben Alejandro Estrada · María V. Ramírez de Arellano - Un Poquito","","","Favoritos","Playlist",""
"Caleb Calloway · Alejo · Moffa · ROBI - 0 Millas","","","Favoritos","Playlist",""
"Alejo · Polimá Westcoast · RAUL CLYDE · Polimá Westcoast · RAUL CLYDE · Alejo · Vasave - BIEN :(","","","Favoritos","Playlist",""
"Alejo · Colla Sensi · Alejo - 305","","","Favoritos","Playlist",""
"Alejo · Saiko · Ruben Alejandro Estrada · Miguel Cantos Gomez · Jose A. Huertas · Jaime Cosculluela · Jose Andres Perez Garcia · Joseph Baez Figueroa · Joshua Sanabria - D X VIDA","","","Favoritos","Playlist",""
"Alejo · Alejo · Izon - Gatita Pretty","","","Favoritos","Playlist",""
"Alejo · Alejo · OKELO - NOCHES DE MÁS","","","Favoritos","Playlist",""
"legallyrxx - ALMAᐸ/3","","","Favoritos","Playlist",""
"Baskiat · César Augusto Betancourt · Pichu Flexx · César Augusto Pulgarin Gómez - Pijamitax","","","Favoritos","Playlist",""
"Baskiat - Akita","","","Favoritos","Playlist",""
"Baskiat - XQXQ","","","Favoritos","Playlist",""
"Alejo · Alejo - RT","","","Favoritos","Playlist",""
"stivijoes - Terapia","","","Favoritos","Playlist",""
"Eladio Carrión · Nach · Eladio Carrion · Ignacio José Fornés Olmo - Mama's Boy","","","Favoritos","Playlist",""
"Eladio Carrión · Eladio Carrion · Alexandria Dobson - Luchas Mentales","","","Favoritos","Playlist",""
"Eladio Carrión · Eladio Carrion - RKO","","","Favoritos","Playlist",""
"Eladio Carrión · Sech · Carlos Isaías Morales Williams · Eladio Carrion - El Malo","","","Favoritos","Playlist",""
"Eladio Carrión · Arcángel · De La Ghetto · Austin Santos · Eladio Carrion · Rafael Castillo Torres · Joan Manuel Ubinas Jimenez - Tanta Droga","","","Favoritos","Playlist",""
"Eladio Carrión · Eladio Carrion - Tu Ritmo","","","Favoritos","Playlist",""
"Eladio Carrión · Yandel · Eladio Carrion · Llandel Veguilla Malavé · Alton Ellis · Sean Henriques · Cleveland Browne · Joan Manuel Ubinas Jimenez - Sigo Enamorau'","","","Favoritos","Playlist",""
"Eladio Carrión · Eladio Carrion - Sonrisa","","","Favoritos","Playlist",""
"Eladio Carrión · Eladio Carrion - Bendecido","","","Favoritos","Playlist",""
"AISSA · Saiko · JC Reyes · Nickzzy · El Bobe · Juseph · GIO · Miguel Cantos Gómez · Aissa El Aslani · Nicolas Martínez Pérez · Kevin Juseph Zapata - Las Bratz (Remix)","","","Favoritos","Playlist",""
"Feid - ROMÁNTICOS DE LUNES","","","Favoritos","Playlist",""
"Lunay · YOVNGCHIMI - Nuevo","","","Favoritos","Playlist",""
"Saiko - Xxx_Rosario_xxX","","","Favoritos","Playlist",""
"Raul Clyde · Raul Clyde - La Forma Q Me Miras","","","Favoritos","Playlist",""
"Saiko - Tu me calmas","","","Favoritos","Playlist",""
"Zakyo · David Marley · Antonio Martinez Roca ""Zakyo"" - CUANDO ME DUERMA","","","Favoritos","Playlist",""
"Saiko - Feliz Navidad","","","Favoritos","Playlist",""
"Saiko - Extasisssssss","","","Favoritos","Playlist",""
"Polimá Westcoast · Nio Garcia - USHUAIA","","","Favoritos","Playlist",""
"Feid · Pirlo - CUAL ES ESA","","","Favoritos","Playlist",""
"Feid · ATL Jacob - LUNA","","","Favoritos","Playlist",""
"Feid - 50 PALOS","","","Favoritos","Playlist",""
"Feid - ALAKRAN","","","Favoritos","Playlist",""
"Raul Clyde · Raúl Pérez Marqués - DIESEL","","","Favoritos","Playlist",""
"Bon Calso · Jorge Gonzalez · DRED BEY - Que Te Vaya Bonito","","","Favoritos","Playlist",""
"Alvaro Diaz · Tainy - FATAL FANTASSY","","","Favoritos","Playlist",""
"3AM · KHEA - Aquí Sigo (Remix)","","","Favoritos","Playlist",""
"Arcángel · Austin Santos · Rozo - Qué Tengo Que Hacer","","","Favoritos","Playlist",""
"Arcángel · Austin Santos · Isaac Ortiz - Condado","","","Favoritos","Playlist",""
"Arcángel · Austin Santos - El Palo","","","Favoritos","Playlist",""
"Arcángel · Austin Santos · Edgar Barrera · Kevyn Mauricio Cruz · Nicolás Jaña Galleguillo · Andrés Jael Correa - Me Gusta Tu Flow","","","Favoritos","Playlist",""
"Arcángel · De La Ghetto · Jowell & Randy · Austin Santos · Rafael Castillo · Randy Ortiz · Joel Muñoz - Yoshi","","","Favoritos","Playlist",""
"Arcángel · Rauw Alejandro · Austin Santos · Raúl Alejandro Ocasio Ruiz · Ramses Ivan Herrera · Jeremy Ruiz - FP","","","Favoritos","Playlist",""
"Ozuna · Jan Carlos Ozuna Rosado · Alejandro Ramirez Suarez ""Sky"" · Andres Jael Correa ""Rios"" · Gerald Oscar Jimenez ""Sencillo"" · Andres David Restrepo ""Rolo"" - A.B.C.","","","Favoritos","Playlist",""
"Ozuna · David Guetta · Jan Carlos Ozuna Rosado · Yazid Rivera Lopez · David Sprecher · Benjamin Falik · Johnny Goldstein · Andres Jael Correa · Gerald Oscar Jimenez · Kevyn Mauricio Cruz Moreno · Spread LOF/Noelle's Afikoman - Vocation","","","Favoritos","Playlist",""
"Ozuna · Jan Carlos Ozuna Rosado · Sohaib Temssamani Takal · Gonzalo Nuviala Pedruzo · Jose Antonio Aponte · Jesus Manuel Benitez Hiraldo · Louis Jacoberger - Made In Qatar","","","Favoritos","Playlist",""
"Arcángel · Quevedo · Austin Santos · Pedro Luis Domínguez Quevedo · Ramses Ivan Herrera - Los Roques","","","Favoritos","Playlist",""
"Ozuna · Jhayco · Jan Carlos Ozuna Rosado · Jesus Manuel Nieves · Marcos Efrain Masis · Michael Bryan Masis · Jose Antonio Aponte Hi Flow - Fenti","","","Favoritos","Playlist",""
"legallyrxx - POEMA A TUS PROBLEMAS","","","Favoritos","Playlist",""
"Lucho RK · D3llano - LULUNA","","","Favoritos","Playlist",""
"Saiko - Bandidona","","","Favoritos","Playlist",""
"day2k · balaclavx · Jose Alatorre - tus pupilas","","","Favoritos","Playlist",""
"Taylor Swift - You Belong With Me (Taylor’s Version)","","","Favoritos","Playlist",""
"Nsqk - LOVELANGUAGE","","","Favoritos","Playlist",""
"Bad Bunny · Benito A. Martinez Ocasio - VUELVE CANDY B","","","Favoritos","Playlist",""
"Bad Bunny · Eladio Carrión · Benito A. Martinez Ocasio · Eladio Carrion - THUNDER Y LIGHTNING","","","Favoritos","Playlist",""
"Bad Bunny · Benito A. Martinez Ocasio · Ricardo Garcia Ortiz · Francis Rivera Diaz · Miguel A Rodriguez · Juan Ivan Orengo-Guerrido · Llandel Veguilla Malave · Tegui Calderon-Rosario - NO ME QUIERO CASAR","","","Favoritos","Playlist",""
"Bad Bunny · Benito A. Martinez Ocasio - BATICANO","","","Favoritos","Playlist",""
"Bad Bunny · Benito A. Martinez Ocasio · Samuel Jiménez - LOS PITS","","","Favoritos","Playlist",""
"Bad Bunny · Benito A. Martinez Ocasio - BABY NUEVA","","","Favoritos","Playlist",""
"Bad Bunny · Luar La L · Benito A. Martinez Ocasio · Raul Armando Del Valle · Samuel Jiménez - TELEFONO NUEVO","","","Favoritos","Playlist",""
"Bad Bunny · Bryant Myers · Benito A. Martinez Ocasio · Bryant Rober Rohena Perez - SEDA","","","Favoritos","Playlist",""
"Bad Bunny · Benito A. Martinez Ocasio - CYBERTRUCK","","","Favoritos","Playlist",""
"ROA · Omar Courtz · Bryant Myers · Dei V - JETSKI (Remix)","","","Favoritos","Playlist",""
"C Marí - Ring Ring (Lyric Visualizer) | Latin Lover Songs 2","","","Favoritos","Playlist",""
"ELADIO CARRIÓN - LUEGO | LOS ARCHIVOS","","","Favoritos","Playlist",""
"M Joglar Ft. OMAY - XmásQ","","","Favoritos","Playlist",""
"C Marí - Amanecemos (Lyric Visualizer) | Latin Lover Songs 2","","","Favoritos","Playlist",""
"C Marí - Temperatura (Lyric Visualizer) | Latin Lover Songs 2","","","Favoritos","Playlist",""
"Parkineos · Orslok · German García Carro - Se Que No Debo (Remix)","","","Favoritos","Playlist",""
"Alejo · Ruben Estrada - NENA","","","Favoritos","Playlist",""
"Love Yi · Victor García Jiménez - PELÍCULA","","","Favoritos","Playlist",""
"Love Yi · Victor García Jiménez - HBK","","","Favoritos","Playlist",""
"Love Yi · Dirty Suc · Victor García Jiménez · Adrian Gonzalez · Alejandro Pardo Serrallet - BOTTEGA","","","Favoritos","Playlist",""
"Love Yi · Victor García Jimenez · Daweny Peralta - 1 DÍA TÚ","","","Favoritos","Playlist",""
"Suave · D3llano - QUEMARLO TODO","","","Favoritos","Playlist",""
"Suave · Aymí - CUANDO EL MUNDO SE NOS QUEDE PEQUEÑO","","","Favoritos","Playlist",""
"Suave · Aymí - ESTÁS A TIEMPO","","","Favoritos","Playlist",""
"Chris Palace · Botlok · Andres Jese Gavillan Batista · Elvin Jesus Roubert Rodriguez · Christian Palacios · Jose Collazo - Media Luna","","","Favoritos","Playlist",""
"Love Yi · Soge Culebra · Victor García Jiménez · Gabriel Jose Gomez · Lluc Travesí Sandoval · Adrià Balañá Revert - SINTIGO","","","Favoritos","Playlist",""
"Lucho RK · Nake - F4F","","","Favoritos","Playlist",""
"La Pantera - 2030","","","Favoritos","Playlist",""
"Yan Block · Carlos Y. martin Marrero - 111","","","Favoritos","Playlist",""
"C Marí · AMEX · Carlos Marí Cervera - KB9","","","Favoritos","Playlist",""
"i9ryuk · Sweetwave · Eric Lowe - Bosque de Color","","","Favoritos","Playlist",""
"Sneaky wh · Sweetwave - yo te esperaré.mp3","","","Favoritos","Playlist",""
"Sweetwave · Deivi Pv - C4RIÑO#!","","","Favoritos","Playlist",""
"Love Yi · Faxu · Xema Fuentes · Alvaro Skinny · Victor García Jimenez · Ignasi Fajula Tejerina · Jose Maria Fuentes Melgar · Fernando Joaquín Míguez Osuna - HARIBU","","","Favoritos","Playlist",""
"Sweetwave · Sneaky wh - Tussi Love","","","Favoritos","Playlist",""
"Sweetwave · Sneaky wh - Rico Mmm","","","Favoritos","Playlist",""
"Sneaky wh · Sweetwave · D.Valentino · ThePauSing - Lov3 Pot!on","","","Favoritos","Playlist",""
"Sweetwave · Sneaky wh · ThePauSing - Kiss U","","","Favoritos","Playlist",""
"D. Valentino · Sneaky wh - vuelve","","","Favoritos","Playlist",""
"D. Valentino · Sneaky wh - [otra] noche +","","","Favoritos","Playlist",""
"Wos LasPalmas · Lucho RK · La Pantera · AlenGC - Dejarte marchar remix (feat. AlenGC)","","","Favoritos","Playlist",""
"Lucho RK · D3llano - AQUÍ ESTOY","","","Favoritos","Playlist",""
"Lucho RK · Botlok - Esos Ojitos","","","Favoritos","Playlist",""
"Lucho RK · AFTERMUSIC - UN AÑITO MÁS","","","Favoritos","Playlist",""
"Lucho RK - BIG CHECKS","","","Favoritos","Playlist",""
"mvrk · Gawar · Marc Encuentra Condeminas · Marcos Cervera - Diablo","","","Favoritos","Playlist",""
"Alejo · Alejo - Aprovéchalo","","","Favoritos","Playlist",""
"La Pantera - PINKY PROMISE","","","Favoritos","Playlist",""
"Lucho RK · Juacko - La otra de Juacko","","","Favoritos","Playlist",""
"Happykid · legallyrxx · Kevin Miranda · Alan Octavio Mex Hernández - BEBIENDO BATICHI","","","Favoritos","Playlist",""
"D.Valentino · 17Beats · Diego Ferri Perez - Rosa & Rojo","","","Favoritos","Playlist",""
"D.Valentino · 17Beats · Diego Ferri Perez - platanomelon","","","Favoritos","Playlist",""
"D.Valentino · Diego Ferri Perez - entre la luna y yo","","","Favoritos","Playlist",""
"D.Valentino · Diego Ferri Perez - instante","","","Favoritos","Playlist",""
"D.Valentino · Diego Feri Perez - fvck","","","Favoritos","Playlist",""
"D. Valentino - pov","","","Favoritos","Playlist",""
"D.Valentino · Diego Ferri Perez - marihuana","","","Favoritos","Playlist",""
"D.Valentino · Diego Ferri Perez - mikasa","","","Favoritos","Playlist",""
"D.Valentino · Diego Ferri Perez - voodoo","","","Favoritos","Playlist",""
"Womar - PRESIDENTA","","","Favoritos","Playlist",""
"paopao · Mora - algo así (Remix)","","","Favoritos","Playlist",""
"mvrk · Sneaky wh - Niebla","","","Favoritos","Playlist",""
"mvrk · Marcos Cervera Garcia - Como enamorarme","","","Favoritos","Playlist",""
"paopao - la nena de un gang$ter","","","Favoritos","Playlist",""
"KRIS FLOYD - Parte X Parte","","","Favoritos","Playlist",""
"Guzmen - funny valentine","","","Favoritos","Playlist",""
"Omar Courtz · Joshua Omar Medina Cortes - H E A V Y","","","Favoritos","Playlist",""
"ROA · Yan Block - NEVER 2 LATE","","","Favoritos","Playlist",""
"Judeline · rusowsky - Heavenly","","","Favoritos","Playlist",""
"Bad Gyal · Trueno - Angelito","","","Favoritos","Playlist",""
"Hecky · mvrk - Baddie","","","Favoritos","Playlist",""
"Guzmen - Corazón Artificial","","","Favoritos","Playlist",""
"Guzmen - mami let go","","","Favoritos","Playlist",""
"Baskiat · Alan Octavio Mex · César Augusto Betancourt · Miguel Sanchez · Jose Daniel Garcia · Nesky Tapia Colina · legallyrxx · Maiky Moves - Ti Penso","","","Favoritos","Playlist",""
"Baskiat · César Augusto Betancourt - Al Amor Le Huyo","","","Favoritos","Playlist",""
"Baskiat · César Augusto Betancourt - Amor de Tu Vida","","","Favoritos","Playlist",""
"Baskiat · César Augusto Betancourt · Reynaldo Guzmán · Suei - No Quisiera Salir","","","Favoritos","Playlist",""
"Baskiat · Lalomood · Santalus · Cesar Augusto Betancourt Gutiérrez · Nesky Tapia Colina · Samuel García Boden - perdoname una semana","","","Favoritos","Playlist",""
"Baskiat · RK wavy · Cesar Augusto Betancourt Gutiérrez · Nesky Tapia Colina · Robert Aguilera - funkoh","","","Favoritos","Playlist",""
"Baskiat · Neeus · Cesar Augusto Betancourt Gutiérrez · Francisco Enrique Neus Pérez - SPA Y PILATES","","","Favoritos","Playlist",""
"KRIS FLOYD - Kartier","","","Favoritos","Playlist",""
"OMAY · GIO - NICE GUY BAD GUY","","","Favoritos","Playlist",""
"Bad Bunny · RaiNao · Benito A. Martinez Ocasio · Naomi Ramírez Rivera · Roberto José Rosado Torres · Richi López · Marcos Efrain Masis - PERFuMITO NUEVO","","","Favoritos","Playlist",""
"Bad Bunny · Benito A. Martinez Ocasio · Roberto José Rosado Torres · Marco Daniel Borrero · Scott Dittrich · Tyler Thomas Spry · Benjamin Falik · Hugo René Sención Sanabria - DtMF","","","Favoritos","Playlist",""
"Bad Bunny · Benito A. Martinez Ocasio · Roberto José Rosado Torres · Marcos Efraín Masis · Rafael A. Pina Nieves · Hector Luis Delgado · Efraín Fines-Nevares - EoO","","","Favoritos","Playlist",""
"Bad Bunny · Los Pleneros de la Cresta · Benito A. Martinez Ocasio · Roberto José Rosado Torres · Marco Daniel Borrero · Joshuan Ocasio Rivera · Josué Roman Figueroa · Joseph Ocasio Rivera · Jeyluix Ocasio Rivera · Antonio Caraballo - CAFé CON RON","","","Favoritos","Playlist",""
"Bad Bunny · Benito A. Martinez Ocasio · Roberto José Rosado Torres · Marco Daniel Borrero · Marcos Efrain Masis · Michael Masis · Tyler Thomas Spry · Martin Coogan · Misael De La Cruz - KLOuFRENS","","","Favoritos","Playlist",""
"Bad Bunny · Benito A. Martinez Ocasio · Roberto José Rosado Torres · Marco Daniel Borrero · Marcos Efraín Masis - KETU TeCRÉ","","","Favoritos","Playlist",""
"Bad Bunny · Benito A. Martinez Ocasio · Roberto José Rosado Torres · Marco Daniel Borrero · Amman Nurami · Luc Oskar Purcell Randmaa · Martin Coogan - BOKeTE","","","Favoritos","Playlist",""
"Bad Bunny · Omar Courtz · Dei V · Benito A. Martinez Ocasio · David Gerardo Rivera Juarbe · Joshua Omar Medina Cortés · Roberto José Rosado Torres · Joshua Omar Medina · Kenneth A. Rivera · Michael Hernandez · Frank Packer · Sebastian Andrés Encarnación · Juan Esteban Díaz Popayán · Nicolás Martínez Castellanos · Marcos Efraín Masis · Juan Luis Morera Luna · Orlando Javier Valle · Edwin Vázquez · Vladimir Felix - VeLDÁ","","","Favoritos","Playlist",""
"Bad Bunny · Chuwi · Benito A. Martinez Ocasio · Roberto José Rosado Torres · Wilfredo Aldarondo Torres · Lorén Aldarondo Torres · Wester José Aldarondo Torres · Adrian Sofía López Soto · Jay Anthony Nuñez · Eduardo Cabra · Pau Donés Cirera · Samuel Jiménez · Marlon Betancourth - WELTiTA","","","Favoritos","Playlist",""
"Bad Bunny · Benito A. Martinez Ocasio · Roberto José Rosado Torres · Cristobal Ignacio Díaz Lizama · Marcos Efraín Masis · Ángel Rivera Guzmán · Francisco Saldaña · Christian Colon Rolón · Norgie Noriega Montes · Joel Martínez · Raúl Alexis Ortiz Rolón · Llandel Veguilla Malavé · Everton Bonner · Hector Luis Delgado · Juan Luis Morera Luna · Lloyd Oliver Willis · John Christopher Taylor · Sly Filmore Dundar Lowell - VOY A LLeVARTE PA PR","","","Favoritos","Playlist",""
"Bad Bunny · Benito A. Martinez Ocasio · Marco Daniel Borrero · Roberto José Rosado Torres · Justi Barreto - NUEVAYoL","","","Favoritos","Playlist",""
"Womar · Mxstv! - kifik?","","","Favoritos","Playlist",""
"OMAY - GUARRERÍAS","","","Favoritos","Playlist",""
"Brray · Zion · Wisin · Jowell Y Randy · Ñengo Flow · Maldy · Jory Boy · Gotay “El Autentiko"" · Ñejo · Luigi 21 Plus - Mis Amigas (Remix)","","","Favoritos","Playlist",""
"KRIS FLOYD - Habran Señales","","","Favoritos","Playlist",""
"OMAY · SokeThugPro · Neverknwn - MURAKAMI","","","Favoritos","Playlist",""
"Dib · Diego Iglesias - si te vuelvo a ver","","","Favoritos","Playlist",""
"OMAY · Benzie - BAILAMOS LA ÚLTIMA?","","","Favoritos","Playlist",""
"OMAY · SokeThugPro · Neverknwn - PUEBLO PALETA","","","Favoritos","Playlist",""
"Young Martino · Yan Block · Brray · Jose Martín Velázquez · Carlos Yandre Martín Marrero · Bryan García Quiñones - Cielo","","","Favoritos","Playlist",""
"Myke Towers · Eladio Carrion - QUÉ QUIERES DE MI? (feat. Eladio Carrion)","","","Favoritos","Playlist",""
"OMAY - DIAVLITA","","","Favoritos","Playlist",""
"Gordo · Junkie Kid · Eladio Carrion - Outside","","","Favoritos","Playlist",""
"C Marí · Carlos Marí Cervera - IBAN","","","Favoritos","Playlist",""
"C Marí · Carlos Marí Cervera - 2AM","","","Favoritos","Playlist",""
"C Marí · Mushkaa · BLNCO · Carlos Marí Cervera - Sempapa","","","Favoritos","Playlist",""
"C Marí · Carlos Marí Cervera - Richter","","","Favoritos","Playlist",""
"C Marí · DJ Ram · Carlos Marí Cervera - Bachata y Reggaeton","","","Favoritos","Playlist",""
"C Marí · Carlos Marí Cervera - Intro","","","Favoritos","Playlist",""
"legallyrxx - Interludio - FREESTYLEREXX","","","Favoritos","Playlist",""
"legallyrxx · Alejo - ZENDAYA","","","Favoritos","Playlist",""
"legallyrxx - VOLVER","","","Favoritos","Playlist",""
"legallyrxx - Ft con mi papá","","","Favoritos","Playlist",""
"Womar · Mxstv! - 1 VIDA (feat. Mxstv!)","","","Favoritos","Playlist",""
"De La Rose · Omar Courtz - NUBES","","","Favoritos","Playlist",""
"Nsqk · paopao - Blamegame","","","Favoritos","Playlist",""
"Sokethugpro · Neverknwn · OMGisNEFF · Daweny Peralta · Sergio Martinez Maya · Javier Eduardo Garrido Molina - NADANDO EN TUS BESOS","","","Favoritos","Playlist",""
"Alejo · Alejo - CASA DE CAMPO","","","Favoritos","Playlist",""
"OMAY · Neverknwn - RATONCITA","","","Favoritos","Playlist",""
"RAWL - Besitos de Mentira","","","Favoritos","Playlist",""
"ODDLIQUOR · marquitos - TALANQUERA","","","Favoritos","Playlist",""
"Lil Mess · C Marí · Fran Laoren - El Amor No Lo Conoces (Remix)","","","Favoritos","Playlist",""
"mvrk · Marcos Cervera García - Facetime!","","","Favoritos","Playlist",""
"Eazy Nolan · Emanuel Jesus Nolan Olivares - ELEVXDOR","","","Favoritos","Playlist",""
"La Pantera - QUE HAGO","","","Favoritos","Playlist",""
"legallyrxx - VIDEITOS","","","Favoritos","Playlist",""
"Dirty Suc · Adrián González · Daniel Calá - Pesadillas de un Playboy","","","Favoritos","Playlist",""
"Lemuell · Totoy El Frio · JS Beatz - TODAS MIENTEN","","","Favoritos","Playlist",""
"Dava - didn't we like that","","","Favoritos","Playlist",""
"Nsqk · DrefQuila - OTROS LUGARES","","","Favoritos","Playlist",""
"Nsqk - Tarde o temprano","","","Favoritos","Playlist",""
"Choclock · mvrk · Abhir Rajesh Hathiramani · Carlos Suárez Machado · Marcos Cervera García · Mario Sastre Rojo · Sergio Bruno Miguel Delgado - MiShawty","","","Favoritos","Playlist",""
"Elikai · Kaled Elikai Rivera Cordova - Bermuda","","","Favoritos","Playlist",""
"Elikai · Kaled Elikai Rivera Cordova - Galaga","","","Favoritos","Playlist",""
"AISSA · La Pantera · Aissa El Aslani Erra · Sergio Castellano Almeida · Yassir Baitra - Desde los 15","","","Favoritos","Playlist",""
"D. Valentino · Nightclub20xx - Pesti!!o","","","Favoritos","Playlist",""
"OMAY - KUIKI","","","Favoritos","Playlist",""
"ARENAS · Andrés Arenas Caballero - POTTI","","","Favoritos","Playlist",""
"Zizzy · Jay Lee · OKEIFLOU · Adrian Be · Junior Orlando De La Rosa Nina - EN AUTOMÁTICO","","","Favoritos","Playlist",""
"Eladio Carrión · Eladio Carrión Morales - Carta a Dios 2","","","Favoritos","Playlist",""
"Eladio Carrión · Eladio Carrión Morales - Piedras en la Ventana","","","Favoritos","Playlist",""
"Eladio Carrión · Quevedo · Eladio Carrión Morales · Pedro Luis Domínguez Quevedo - Romeo y Julieta","","","Favoritos","Playlist",""
"Eladio Carrión · Young Miko · Eladio Carrión Morales · María Victoria Ramírez de Arellano Cardona - AMG","","","Favoritos","Playlist",""
"Eladio Carrión · Eladio Carrión Morales - Özil","","","Favoritos","Playlist",""
"Eladio Carrión · Eladio Carrión Morales - Cómodo","","","Favoritos","Playlist",""
"Eladio Carrión · Cris MJ · Eladio Carrión Morales · Christopher Andrés Álvarez García - El Reggaetón del Disco","","","Favoritos","Playlist",""
"Eladio Carrión - H.I.M.","","","Favoritos","Playlist",""
"Eladio Carrión · Myke Towers · Eladio Carrión Morales · Michael Torres - Vetements","","","Favoritos","Playlist",""
"Eladio Carrión · Eladio Carrión Morales - Ohtani","","","Favoritos","Playlist",""
"Eladio Carrión · Eladio Carrión Morales - Invencible","","","Favoritos","Playlist",""
"aiden! - CELEBI","","","Favoritos","Playlist",""
"aiden! · adan · Kmi · Samuel · Adan · Carlos · tiresss - WHIPLASH","","","Favoritos","Playlist",""
"ANMI · Zakyo · Turde · Fuego Fatuo · Home Studio - MALACOSTUMBRE","","","Favoritos","Playlist",""
"C n d · Fede Guelmos · Almeja · Lucio Candia - cifra de seguidos","","","Favoritos","Playlist",""
"mvrk · Marcos Cervera Garcia - Warning","","","Favoritos","Playlist",""
"Lucho RK · Quevedo - GUAYA","","","Favoritos","Playlist",""
"Suave · D3llano - Andrea","","","Favoritos","Playlist",""
"La Pantera · BlueFire - PLAYA X PLAYA","","","Favoritos","Playlist",""
"Recycled J · Soge Culebra · Selecta · WEST DUBAI - TIRITONES","","","Favoritos","Playlist",""
"Womar · Axel · EL ELIEN - SALSA","","","Favoritos","Playlist",""
"Womar · Milo Garcia - LOCKED IN","","","Favoritos","Playlist",""
"Baskiat · César Augusto Betancourt - NTV","","","Favoritos","Playlist",""
"Sweetwave · 60k Cvndy - Cu4rzo Ros4 (feat. 60k Cvndy)","","","Favoritos","Playlist",""
"Lucho RK · La Pantera · Paul Sonoria - Descará","","","Favoritos","Playlist",""
"C Marí · BLNCO · Carlos Marí Cervera - 90%","","","Favoritos","Playlist",""
"C Marí · AMEX · Carlos Marí Cervera - Babalà","","","Favoritos","Playlist",""
"C Marí · Jay Cas · Carlos Marí Cervera - + Duro","","","Favoritos","Playlist",""
"C Marí · Carlos Marí Cervera - Ninja Defuse Freestyle","","","Favoritos","Playlist",""
"AISSA · Lucho RK · Nake · Aissa El Aslani Erra - KTM","","","Favoritos","Playlist",""
"AISSA · Nake · Aissa El Aslani Erra - VALENTINO","","","Favoritos","Playlist",""
"aiden! - no te das cuenta","","","Favoritos","Playlist",""
"MARO · NASAYA · Mariana Secca · Mariana Secca · Alex Gopher · Theo Hoarau · MARO · Theo Hoarau - IM IN LOVE","","","Favoritos","Playlist",""
"Pink Pablo · paopao · Juan Pablo Rivera · Paola Nicole Marrero Rodríguez · Francisco I. Rivas Reyes - ME QUEDO AKÍ","","","Favoritos","Playlist",""
"OMAY - KARIBÉ","","","Favoritos","Playlist",""
"AISSA · Nake · Aissa El Aslani Erra - PÉGATE +","","","Favoritos","Playlist",""
"Quevedo - TUCHAT","","","Favoritos","Playlist",""
"céro - LA INNOMBRABLE","","","Favoritos","Playlist",""
"Juan Magan · Lucho RK · JUAN MANUEL MAGAN GONZALEZ · ALBERTO RODRIGUEZ SALGADO - No Bailes Sola (NSM25)","","","Favoritos","Playlist",""
"ANMI · Zakyo · Turde · Fuego Fatuo · Home Studio - TTMA","","","Favoritos","Playlist",""
"SAIKO - BRUJERIASss","","","Favoritos","Playlist",""
"Zakyo · Mvros · ANMI · Jay Vázquez · Turde · dimelokako · Fuego Fatuo · Home Studio - SKIMASK","","","Favoritos","Playlist",""
"SAIKO - WEKEWEKE","","","Favoritos","Playlist",""
"SAIKO - ZENDAYA","","","Favoritos","Playlist",""
"SAIKO · Yapi - TE ENCONTRÉ","","","Favoritos","Playlist",""
"SAIKO · Leire Martínez - MARIPOSAS","","","Favoritos","Playlist",""
"SAIKO - RECUERDOS SONOROS","","","Favoritos","Playlist",""
"SAIKO - SAN JUAN","","","Favoritos","Playlist",""
"Saiko · Omar Courtz - LOKENECESITAS","","","Favoritos","Playlist",""
"SAIKO - MIAMI 22","","","Favoritos","Playlist",""
"SAIKO - SÍ QUIERO","","","Favoritos","Playlist",""
"iloveyoubrazzy · iloveyoubrazzy - Vibes","","","Favoritos","Playlist",""
"Easykid · Joaquin Palacios Zamorano - Bruce Wayne","","","Favoritos","Playlist",""
"Easykid · Joaquin Palacios Zamorano - wtfff.","","","Favoritos","Playlist",""
"Easykid · Joaquin Palacios Zamorano - Fentanyl","","","Favoritos","Playlist",""
"Easykid · Joaquin Palacios Zamorano · Rodrigo Torres · NSQK - Ya entregamos el depa","","","Favoritos","Playlist",""
"Easykid · Joaquin Palacios Zamorano - Rush","","","Favoritos","Playlist",""
"Easykid · Joaquin Palacios Zamorano · Felipe Etcheverry · Face - Zundada de fondo","","","Favoritos","Playlist",""
"Easykid · Joaquin Palacios Zamorano · Dysbit - Shiny","","","Favoritos","Playlist",""
"Easykid · Joaquin Palacios Zamorano · Fernanda Sepúlveda · Akriila - Whyme?","","","Favoritos","Playlist",""
"Easykid · Joaquin Palacios Zamorano - AIRBAG","","","Favoritos","Playlist",""
"Easykid · Joaquin Palacios Zamorano · Tais López Miranda · Taichu - MOOD","","","Favoritos","Playlist",""
"C. Tangana · Chico Blanco - Ojalá","","","Favoritos","Playlist",""
"Sen Senra · C. Tangana - Qué Facilidad","","","Favoritos","Playlist",""
"La Pantera · Bdp Music - Candela Pal Barrio","","","Favoritos","Playlist",""
"fedesttar · fedesttar · fedesttar - PLAN B","","","Favoritos","Playlist",""
"Womar - Belize","","","Favoritos","Playlist",""
"Fran Laoren · C Marí - Estoy de moda","","","Favoritos","Playlist",""
"NEO KB · Love Yi · Benzie - ASLAN","","","Favoritos","Playlist",""
"AISSA · Aleesha · Blvck Reyes · Aissa El Aslani Erra · Aleesha Rose - ME APETECES","","","Favoritos","Playlist",""
"3AM · Andrea Ferrero - ESTRELLA ROJA","","","Favoritos","Playlist",""
"Clarent - OH WOW","","","Favoritos","Playlist",""
"KRIS FLOYD - En Lo Que Vuelvo II","","","Favoritos","Playlist",""
"De La Rose - LOS FIN DE","","","Favoritos","Playlist",""
"Pablo Chill-E - Resentia","","","Favoritos","Playlist",""
"B10 - Más me quiero yo","","","Favoritos","Playlist",""
"mvrk · Marcos Cervera Garcia - Linda Vida Pls Behave","","","Favoritos","Playlist",""
"mvrk · Marcos Cervera Garcia · Jorge Muñoz Sánchez - Apretar +","","","Favoritos","Playlist",""
"mvrk · AKRIILA · Marcos Cervera Garcia · Fernanda Sepúlveda - Dos Caras","","","Favoritos","Playlist",""
"mvrk · Marcos Cervera Garcia · Jorge Muñoz Sánchez - ME FUI","","","Favoritos","Playlist",""
"mvrk · Marcos Cervera Garcia - byeBYE","","","Favoritos","Playlist",""
"mvrk · B10 · Marcos Cervera Garcia · Brayan Bocara - CONFÍO DE +","","","Favoritos","Playlist",""
"mvrk · Marcos Cervera Garcia - Auxilio","","","Favoritos","Playlist",""
"mvrk · Marcos Cervera Garcia - zigzag","","","Favoritos","Playlist",""
"mvrk · D.Valentino · Marcos Cervera Garcia · Diego Ferri Pérez - DAMN","","","Favoritos","Playlist",""
"mvrk · Marcos Cervera Garcia - Fell In Love","","","Favoritos","Playlist",""
"mvrk · Marcos Cervera Garcia - tú sabes","","","Favoritos","Playlist",""
"mvrk · Marcos Cervera Garcia - YOTMB","","","Favoritos","Playlist",""
"B10 · Kilvertz · Sam Pilkington Sánchez - Capri Sun","","","Favoritos","Playlist",""
"OMAY · B10 · Neverknwn - YA ENTENDÍ","","","Favoritos","Playlist",""
"Baskiat · soffyy · Zuhk · César Augusto Betancourt · Soffya Patricia Vargas Garate · Adriano Estefano Huarez Salazar - Pa Yo Ver","","","Favoritos","Playlist",""
"Raul Clyde · Lorna · Raul Perez Marques · Lorna Zarina Aponte · OSCAR PEREZ GONZALEZ · Rodney Clark Donalds - papixulOo","","","Favoritos","Playlist",""
"ROA - 777","","","Favoritos","Playlist",""
"ROA · De La Rose - 11:12 (Interlude)","","","Favoritos","Playlist",""
"Suave · West Srk · D3llano - MI LUGAR EN EL MUNDO","","","Favoritos","Playlist",""
"Alvaro Diaz - PARANOIA.","","","Favoritos","Playlist",""
"Mora · Jory Boy · Gabriel Armando Mora Quintero · Fernando Sierra Benítez - DE PAQUETE","","","Favoritos","Playlist",""
"Mora · Gabriel Armando Mora Quintero - LO MISMO DE SIEMPRE","","","Favoritos","Playlist",""
"Mora · Gabriel Armando Mora Quintero - BANDIDA","","","Favoritos","Playlist",""
"Mora · Gabriel Armando Mora Quintero - TEMA DE JORY","","","Favoritos","Playlist",""
"Mora · C. Tangana · Gabriel Armando Mora Quintero · Antón Álvarez Alfaro - DROGA","","","Favoritos","Playlist",""
"Mora · Gabriel Armando Mora Quintero - DE INMEDIATO","","","Favoritos","Playlist",""
"Mora · De La Rose · Gabriel Armando Mora Quintero · Yuberkis Gabriela Marie de la Rosa Bryan - AURORA","","","Favoritos","Playlist",""
"Mora · Gabriel Armando Mora Quintero - PISTA DE ATERRIZAJE","","","Favoritos","Playlist",""
"Mora · Ryan Castro · Gabriel Armando Mora Quintero · Bryan David Castro Sosa · Kevin Mauricio Cruz - MIL VIDAS","","","Favoritos","Playlist",""
"Mora · Omar Courtz · Gabriel Armando Mora Quintero · Joshua Omar Medina Cortés - MÁS QUE ALGO","","","Favoritos","Playlist",""
"Mora · Gabriel Armando Mora Quintero - OTRA NOCHE SIN DORMIR","","","Favoritos","Playlist",""
"Mora · Young Miko · Gabriel Armando Mora Quintero · María Victoria Ramírez de Arellano Cardona - TOA","","","Favoritos","Playlist",""
"Mora · Gabriel Armando Mora Quintero - SALU","","","Favoritos","Playlist",""
"Mora · Gabriel Armando Mora Quintero - DETRÁS DE TU ALMA","","","Favoritos","Playlist",""
"Mora · Gabriel Armando Mora Quintero - CUANDO ME VAYA","","","Favoritos","Playlist",""
"Lucho RK · Juacko - ACELERÁ","","","Favoritos","Playlist",""
"Mattei · Arcángel · De La Ghetto · Jowell & Randy · DJ Urba - Pa las girlas (con DJ Urba) (Remix)","","","Favoritos","Playlist",""
"Brray · Feid · De La Rose · Yan Block · NTG - Te Colaboro (Remix)","","","Favoritos","Playlist",""
"céro - VEINTIPICO","","","Favoritos","Playlist",""
"NTG & Amenazzy - Suano","","","Favoritos","Playlist",""
"RALY - Suficiente","","","Favoritos","Playlist",""
"rusowsky · Ravyn Lenae - pink + pink","","","Favoritos","Playlist",""
"rusowsky · Ralphie Choo - BBY ROMEO","","","Favoritos","Playlist",""
"rusowsky - SOPHIA","","","Favoritos","Playlist",""
"DIA · De La Rose - Pidiendo Saoco","","","Favoritos","Playlist",""
"Eflexx · D. Valentino · Enry-K - Tititi","","","Favoritos","Playlist",""
"D. Valentino · Sneaky wh · 17Beats - no quiere bailar","","","Favoritos","Playlist",""
"JHAYCO · J Balvin · Bad Bunny - No Me Conoce (Remix)","","","Favoritos","Playlist",""
"legallyrxx - ESTO TAMBIEN ES REGGAETON MEXA","","","Favoritos","Playlist",""
"legallyrxx - FUMA Y BEBE","","","Favoritos","Playlist",""
"legallyrxx - MUA MUA","","","Favoritos","Playlist",""
"legallyrxx - VIDEITOS","","","Favoritos","Playlist",""
"legallyrxx - FOTITOS","","","Favoritos","Playlist",""
"legallyrxx · paopao - MI AMOL","","","Favoritos","Playlist",""
"legallyrxx - EL BABY","","","Favoritos","Playlist",""
"legallyrxx - ROLLER COASTER","","","Favoritos","Playlist",""
"legallyrxx - PLAYA ÑAOTEVIA","","","Favoritos","Playlist",""
"legallyrxx - PLAYA NORTE","","","Favoritos","Playlist",""
"legallyrxx - ME FUI PA LA PLAYA","","","Favoritos","Playlist",""
"legallyrxx - WILDSEX","","","Favoritos","Playlist",""
"legallyrxx - ISLA TAKAMURA","","","Favoritos","Playlist",""
"La Pantera · Alejo - GATITA SEPHORA","","","Favoritos","Playlist",""
"C Marí · John Pollõn · Carlos Marí Cervera - Contacto","","","Favoritos","Playlist",""
"Lucho RK · Juacko - MATRÍCULA","","","Favoritos","Playlist",""
"rusowsky · La Zowi - sukkKK!!","","","Favoritos","Playlist",""
"rusowsky - ALTAGAMA","","","Favoritos","Playlist",""
"ANMI · Fuego Fatuo · Home Studio - NO PARES","","","Favoritos","Playlist",""
"céro - SÉPTIMO SENTIDO","","","Favoritos","Playlist",""
"Brray · DIA · L-O-N - Puej Claro","","","Favoritos","Playlist",""
"JOZZEE - fell in luv","","","Favoritos","Playlist",""
"Pressure 9X19 · Lunay - BAILEN","","","Favoritos","Playlist",""
"ANMI · Zakyo · Turde · Fuego Fatuo · Home Studio - MALACOSTUMBRE","","","Favoritos","Playlist",""
"Vreno Yg · Pablo Anglada Nuñez - Pa q me escribes?","","","Favoritos","Playlist",""
"Lewis Potter · Reddy - BABYBOY","","","Favoritos","Playlist",""
"Raul Clyde · Raúl Pérez Marqués - LOS YINES","","","Favoritos","Playlist",""
"Lucho RK · GIO - PREÑÁ","","","Favoritos","Playlist",""
"9Louro · Yuly · Martin Louro Piñeiro · Julián Otero Barros - Eu e Ti","","","Favoritos","Playlist",""
"Slayter · JC Reyes · John William Santana · Juan Manuel Cortes Reyes · Daniel Andrew Wahlberg · Louie Belt · John Cordero · Angelo Lassen Fernández - 3sum","","","Favoritos","Playlist",""
"Slappy Av · G.Lesson - Sonrisa Muerta","","","Favoritos","Playlist",""
"3AM · Richard Bermudez · Christian Bermudez - Diablah","","","Favoritos","Playlist",""
"J4MES · Tomas Coletto · Jaime Rossello · Tomas Coletto - NO ERA PARA T4NTO","","","Favoritos","Playlist",""
"Casper Magico · Anuel AA - La Bebesita","","","Favoritos","Playlist",""
"Juseph · La Pantera · Lucho RK · Emilio Roca Caceres · kevin juseph zapata rodriguez · Sergio Aimar Almeida Castellano - CUPIDOxX","","","Favoritos","Playlist",""
"Vreno Yg · Bleu Lotto · Pablo Anglada Nuñez - tanta lok cansa","","","Favoritos","Playlist",""
"Caleb Calloway · mvrk - JETLAG","","","Favoritos","Playlist",""
"DIA · TORRRES · Alejo · Anubiis · TORRES - Mami Acho (Remix)","","","Favoritos","Playlist",""
"vmnx · vckvm vmn - Si Fumas","","","Favoritos","Playlist",""
"Xiyo · Fernandezz · Yung Beef · Quevedo · Alejandro Palacios · Alvaro Fernandez · Fernando Galvez · Pedro Quevedo · Roberto Olive · Adrian Arribas - Ruina","","","Favoritos","Playlist",""
"La Triple Nelson · Rafael Ugo - Una Lunas Más","","","Favoritos","Playlist",""
"Alexiz · Alexiz - BURBUJITAS","","","Favoritos","Playlist",""
"MarkyBB - ONLY 4 YOU","","","Favoritos","Playlist",""
"Raul Clyde · Raúl Pérez Marqués - miNENA49","","","Favoritos","Playlist",""
"Kidd Voodoo · Ñengo Flow · David Leon Urbina · Edwin Rosa · Tomás Lopez · Cristobal Díaz · Martín Quiroz - Ta' Bellaka","","","Favoritos","Playlist",""
"legallyrxx - ARCHIVO 3.wav (LOVE)","","","Favoritos","Playlist",""
"J4MES · Tomas Coletto - YA NO S4LE LA LUZ...","","","Favoritos","Playlist",""
"J4MES · Tomas Coletto - COMO T VA?","","","Favoritos","Playlist",""
"J4MES · Tomas Coletto · Facundo Majdalani - BB DONDE EST4S","","","Favoritos","Playlist",""
"J4MES · Tomas Coletto · Ivan Armesto - ODI4NDOME","","","Favoritos","Playlist",""
"J4MES · Tomas Coletto · Womar - PASADO TR4GICO","","","Favoritos","Playlist",""
"J4MES · Tomas Coletto · c n d - NOCHESETERN4S","","","Favoritos","Playlist",""
"céro · D3llano - ⁠PADRE NUESTROᐸ3","","","Favoritos","Playlist",""
"Lucho RK · Alvaro Diaz · Kidd Voodoo · Juacko - ACELERAAÁ","","","Favoritos","Playlist",""
"I.C · HODI mg · Hodei Miragaya Gonzalez · Iñaki Cia Miragaya - TE PEGASTE A MI (feat. HODI mg)","","","Favoritos","Playlist",""
"Raul Clyde · Xiyo · Fernandezz · Sergi El Combo · Raul Perez Marques - tu contactO","","","Favoritos","Playlist",""
"Alejo · Debians · BASSYY - FRIKITONA","","","Favoritos","Playlist",""
"C Marí · Carlos Marí Cervera - Mil Veces","","","Favoritos","Playlist",""
"7loseey · Kleery · Manuel Los Santos - proverbs 16:3 (feat. Kleery)","","","Favoritos","Playlist",""
"7loseey · Usernam3 · Ángel Matamoros · Manuel Los Santos · Suso (alonn.kyotto) - contra el mundo","","","Favoritos","Playlist",""
"7loseey · Usernam3 · Suso (alonn.kyotto) · Ángel Matamoros · Manuel Los Santos - #goldenboys2026","","","Favoritos","Playlist",""
"7loseey · Manuel Los Santos - todohogar","","","Favoritos","Playlist",""
"Willy H - eres tú","","","Favoritos","Playlist",""
"LEÏTI - Penélope","","","Favoritos","Playlist",""
"Zakyo · David Marley · Antonio José Martínez - Soy Así","","","Favoritos","Playlist",""
"Gawar · Gatti · 17Beats - psiquiatría (feat. 17Beats)","","","Favoritos","Playlist",""
"New Boix · Lucas Cash · lucas cash · FRANCISCO BOIX - UVEA","","","Favoritos","Playlist",""
"Lu Jr · lu - Cobarde","","","Favoritos","Playlist",""
"7loseey · tichii · Darío Ferri · Manuel Los Santos - yyovoyy","","","Favoritos","Playlist",""
"C Marí · BLNCO · Carlos Marí Cervera - La Ropa","","","Favoritos","Playlist",""
"C.EME - MICHAEL PHELPS","","","Favoritos","Playlist",""
"Gatti - SE ACABA","","","Favoritos","Playlist",""
"New boix · JOZZEE · Bleu Lotto - Francis Room","","","Favoritos","Playlist",""
"9collazo9 · Divase · Manuel Collazo Otero - tus iniciales (+1)","","","Favoritos","Playlist",""
"Alejo · Rubén Alejandro Estrada Feliu - LOS PARTIES Y TU EX","","","Favoritos","Playlist",""
"Gatti · Koboss Beats · Ilyam - HANDYCUP","","","Favoritos","Playlist",""
"Metrika · D.Basto - VIRGEN PUTITA","","","Favoritos","Playlist",""
"Metrika · Came Beats - CONEJITA PLAYBOY","","","Favoritos","Playlist",""
"Willy H · J4MES - BAILA SOLA","","","Favoritos","Playlist",""
"J4MES · Tomas Coletto · Ivan Armesto · Jaime Rossello · Tomas Coletto · Ivan Armesto - NO HAY N4DA","","","Favoritos","Playlist",""
"7loseey · Manuel Los Santos - presumida","","","Favoritos","Playlist",""
"GRECAS · Ángel Rubio - Golden Epoca","","","Favoritos","Playlist",""
"GRECAS · Ángel Rubio - Pornstar","","","Favoritos","Playlist",""
"GRECAS · Ángel Rubio - Kan Saito","","","Favoritos","Playlist",""
"7loseey · Manuel Los Santos - todo lo que me honra","","","Favoritos","Playlist",""
"Alejo · Rubén Alejandro Estrada Feliu - NOTORi","","","Favoritos","Playlist",""
"Hecky · La Pantera - Quieres o no?ᐸ3","","","Favoritos","Playlist",""
"Hecky - Le Doy D2","","","Favoritos","Playlist",""
"Hecky - Neumann (Preview)","","","Favoritos","Playlist",""
"Hecky - Italy","","","Favoritos","Playlist",""
"Hecky - Supernena (Preview)","","","Favoritos","Playlist",""
"Hecky - Follow Back (Preview)","","","Favoritos","Playlist",""
"Hecky - Este Don (Preview)","","","Favoritos","Playlist",""
"DIA - CURiO","","","Favoritos","Playlist",""
"C Marí · Carlos Marí Cervera - Criminal","","","Favoritos","Playlist",""
"C Marí · BLNCO · Carlos Marí Cervera · Héctor Blanco Lozano - Triple B","","","Favoritos","Playlist",""
"Kris Floyd · Siggy · Christopher Ramos - Semanal","","","Favoritos","Playlist",""
"Anmi · Soge Culebra · Fuego Fatuo · ANMI - SINGE","","","Favoritos","Playlist",""
"C Marí · BLNCO · Carlos Marí Cervera · Héctor Blanco Lozano - Clean Look","","","Favoritos","Playlist",""
"New Boix · Bleu Lotto · FRANCISCO BOIX · mateo martinez - Felicidades cariño freestyle","","","Favoritos","Playlist",""
"Zakyo - Síndrome de abstinencia","","","Favoritos","Playlist",""
"RØZ · Nsqk - No veo bien","","","Favoritos","Playlist",""
"Juseph · Mckenzyrb · JULI · BRIAN ANDREWS SANTANA · JULIAN IGNACIO RODRIGUEZ PAZOS · KEVIN JUSEPH ZAPATA RODRIGUEZ - TRAKA","","","Favoritos","Playlist",""
"KRIS FLOYD · JORY BOY - Uxa","","","Favoritos","Playlist",""
"Juseph · SAIKO · kevin juseph zapata rodriguez · Miguel Cantos Gómez - FELINASS","","","Favoritos","Playlist",""
"Exis · Micko YS - GEOMETRÍA","","","Favoritos","Playlist",""
"Exis · Z4RB3 - BELLABELLAKERA","","","Favoritos","Playlist",""
"Lucho RK · La Pantera - TU CANCION","","","Favoritos","Playlist",""
"Lucho RK · La Pantera - BANE","","","Favoritos","Playlist",""
"Lucho RK · La Pantera - SOÑASTE CON UN DRACO","","","Favoritos","Playlist",""
"Lucho RK · La Pantera - TOCATE SOLA","","","Favoritos","Playlist",""
"Lucho RK · La Pantera - INESTABLE","","","Favoritos","Playlist",""
"YUTO · LUKI - HUH...","","","Favoritos","Playlist",""
"Vreno Yg · Pablo Anglada Nuñez - Siempre sale el Sol","","","Favoritos","Playlist",""
"MAGNA · Riosse - aunquetelopida","","","Favoritos","Playlist",""
"Baskiat · César Augusto Betancourt Gutiérrez · Juan Cerro - FINAL FELIZ","","","Favoritos","Playlist",""
"Baskiat · César Augusto Betancourt Gutiérrez · Ayoyimika Oluwaleimu - PRONTO DOLERÁ","","","Favoritos","Playlist",""
"Baskiat · Maya Endo · César Augusto Betancourt Gutiérrez · Santiago Uribe - PLATOS ROTOS","","","Favoritos","Playlist",""
"Baskiat · Nono · César Augusto Betancourt Gutiérrez · Sebastian Colon · Josué Castro - NO REGRETS","","","Favoritos","Playlist",""
"Baskiat · César Augusto Betancourt Gutiérrez · Sebastian Colón - MISHORI","","","Favoritos","Playlist",""
"Ivo Wan Kenobi - Príncipe","","","Favoritos","Playlist",""
"SINAKA · Endo · Matias Muñoz · Patricio Rivera - AZOTE","","","Favoritos","Playlist",""
"Lucho RK · La Pantera · Bdp Music - Lucy","","","Favoritos","Playlist",""
"Juseph · Quevedo · Kevin Juseph Zapata Rodriguez · Pedro Luis Dominguez Quevedo · Mohamed Yassir Baitra - CHUOS","","","Favoritos","Playlist",""
"JHAYCO · Kendo Kaponi - Ropa Interior","","","Favoritos","Playlist",""
"AISSA · céro · Aissa El Aslani Erra · César Rodríguez Bustos · Adrià Balañá Revert - PA RECORDAR","","","Favoritos","Playlist",""
"DIA - DiSNEY PLUS","","","Favoritos","Playlist",""
"Justin Quiles · Lenny Tavárez - THANK YOU BB","","","Favoritos","Playlist",""
"La Pantera · Lucho RK · Pana YMB - PINKY PROMISE 2","","","Favoritos","Playlist",""
"Alejo · Ruben Alejandro Estrada - AMORES DE MALA","","","Favoritos","Playlist",""
"Exis · LUKKAS - ORIGAMI","","","Favoritos","Playlist",""
"BAZTY · Smooth - NAE","","","Favoritos","Playlist",""
"Arro - no t esperaba en el show","","","Favoritos","Playlist",""
"Aramis · Mega · Aramis Yahir Santana Hernández - Escapemonos","","","Favoritos","Playlist",""
"Lowy TK - TENDRÍA QUE ODIARTE","","","Favoritos","Playlist",""
"Willy H · TONY - KOSHIKI","","","Favoritos","Playlist",""
"Astray · 4real Beats · Manuel Astray Costas - Tsunami","","","Favoritos","Playlist",""
"Omar Courtz · Young Miko · Joshua Omar Medina Cortés · María Victoria Ramírez de Arellano Cardona · Diego Alejandro Fernandez Velez · Diego López Crespo · Jose Davila · Kenneth Anthony Rivera - Amandita","","","Favoritos","Playlist",""
"John Pollon · C Marí · TylerB - Miente","","","Favoritos","Playlist",""
"Slappy Av - Sexo a 1ra Vista","","","Favoritos","Playlist",""
"ladiferencia2006 - dime","","","Favoritos","Playlist",""
"Metrika · D.Basto - STILETTO O CUADRÁS","","","Favoritos","Playlist",""
"Metrika · D.Basto - UNA BIMBO POR MADRID","","","Favoritos","Playlist",""
"Metrika · D.Basto · PICHI - EL TASER DE MAMÁ","","","Favoritos","Playlist",""
"Barry B - Infancia Mal Calibrada","","","Favoritos","Playlist",""
"Shoda Monkas · Gabriel Díaz García - dios es una mujer","","","Favoritos","Playlist",""
"Sammer · Came Beats · Samuel Alejandro Tovar Tovar · Carlos Vidal Mejias Negrin - Dos o Tres","","","Favoritos","Playlist",""
"Kristina · Cristina Gomez - REVIENTAHOMBRES","","","Favoritos","Playlist",""
"xiakko · Koboss Beats - DON","","","Favoritos","Playlist",""
"Rochy RD - Soy Un Infeliz","","","Favoritos","Playlist",""
"Womar · lenard - PLANETZ-Vol.1 MERCURY (prodlenar)","","","Favoritos","Playlist",""
"Bluu · 17Beats · Mario Mota Sanchez - Rnbluu","","","Favoritos","Playlist",""
"Arro - no existe nadie","","","Favoritos","Playlist",""
"New Boix - Domingo","","","Favoritos","Playlist",""
"7loseey · balaclavx · Manuel Los Santos · Daniel Fernandes - ARRIVEDERCI","","","Favoritos","Playlist",""
"Gatti · Koboss Beats · Ilyam - STO Q TENEMOS : (:)","","","Favoritos","Playlist",""
"7loseey · simplementeadri · carañana · Manuel Los Santos - balaclava_bonustrack.wav","","","Favoritos","Playlist",""
"7loseey · Manuel Los Santos - good FELLAS","","","Favoritos","Playlist",""
"7loseey · Ro'Pittameglio · Manuel Los Santos · Rodrigo Pittameglio - inmenzo","","","Favoritos","Playlist",""
"RALY - ACERO","","","Favoritos","Playlist",""
"Gatti · Koboss Beats · Ilyam - 443","","","Favoritos","Playlist",""
"RMAND - En Mis Sueños","","","Favoritos","Playlist",""
"Aledial · DAITANA · DAITANA · Aledial - HEARTGOLD","","","Favoritos","Playlist",""
"Aledial · Aledial · Daitana · Daitana - HO-OH","","","Favoritos","Playlist",""
"KOTY · Ivan Pérez Cotillas - DONDE HAS ESTADO","","","Favoritos","Playlist",""
"9Collazo9 · Divase · Danni Ble - si muero a tu lado","","","Favoritos","Playlist",""
"RMAND - Mienteme","","","Favoritos","Playlist",""
"John Pollõn - Xin Xin Xin","","","Favoritos","Playlist",""
"AISSA · Rvfv · Kreamly · Aissa El Aslani Erra · RVFV - MUCHACHA","","","Favoritos","Playlist",""
"Raul Clyde · Ale G - BART SIMPSON","","","Favoritos","Playlist",""
"Sneaky wh · Sweetwave · Sickoᐸ3 · cyber666 - Cu4rzo Ros4 (Remix)","","","Favoritos","Playlist",""
"Young Cister · Rvfv - WIFE MATERIAL*","","","Favoritos","Playlist",""
"C.EME - autoestima","","","Favoritos","Playlist",""
"Joshito · Womar · La Maravilla Del Beat · Joseph Suarez · Omar Sleiman Abdallah Abdallah · Carlos David Mendez Gonzalez - WiFi","","","Favoritos","Playlist",""
"D.Valentino · 60k Cvndy · Diego Ferri Perez - Koro-sensei","","","Favoritos","Playlist",""
"UGLY · Chef C - cuando nos comíamos","","","Favoritos","Playlist",""
"Zakyo · NazBeats · Antonio José Martínez - Kitkat","","","Favoritos","Playlist",""
"Dlomalo · Young Fé - Un Bocao","","","Favoritos","Playlist",""
"grauu · Zakyo · Grauu - 23 de Julio","","","Favoritos","Playlist",""
"Clarent - Oh My","","","Favoritos","Playlist",""
"Ray - LAVANDA","","","Favoritos","Playlist",""
"Elizalde · Anthony Xavier Benitez Elizalde - TUS LABIOS","","","Favoritos","Playlist",""
"Soge Culebra · Alejo · Kris Floyd · Kristina - 1y1000","","","Favoritos","Playlist",""
"TORRRES · Alejo - me aburro fácil","","","Favoritos","Playlist",""
"Quevedo - SCANDIC","","","Favoritos","Playlist",""
"santos · Erick Fabian Ribeiro · Christopher Martínez - forrau","","","Favoritos","Playlist",""
"Berra · Yasin Sebaiti Berraha - Big Bang","","","Favoritos","Playlist",""
"Raul Clyde · Raul Clyde - Monty","","","Favoritos","Playlist",""
"Raul Clyde - VOSE","","","Favoritos","Playlist",""
"Raul Clyde - supernena","","","Favoritos","Playlist",""
"Raul Clyde · Frozt · Raidi - QSUCEDE?","","","Favoritos","Playlist",""
"Raul Clyde · Gloosito - GRACIAS DIOS","","","Favoritos","Playlist",""
"Raul Clyde · Sergi El Combo - NOTAS DE VOZZZ","","","Favoritos","Playlist",""
"Raul Clyde · Saiko - TU DÚO FAVORITO","","","Favoritos","Playlist",""
"Raul Clyde · Maig - el disco del ferxxO","","","Favoritos","Playlist",""
"Raul Clyde · Max Santos - el arma","","","Favoritos","Playlist",""
"Raul Clyde - 1DESEO","","","Favoritos","Playlist",""
"AmoryOdio · Love Yi · Eder Martínez - Buscándome","","","Favoritos","Playlist",""
"JULI · Mckenzyrb · Schmölzer Beatz - Romper","","","Favoritos","Playlist",""
"DIA · DJ Luian - ¿te ACUERDAS de mi?","","","Favoritos","Playlist",""
"Dimelo Flow · Jay Wheeler · Dalex - TRAGO #5 X AHI","","","Favoritos","Playlist",""
"Jozzee · Jose Octavio Bañuelos Bertrand - ENSEÑAME A BAILAR","","","Favoritos","Playlist",""
"JULI · Mckenzyrb - Niña De La Isla","","","Favoritos","Playlist",""
"JULI · Mckenzyrb · Schmölzer Beatz - Con To'","","","Favoritos","Playlist",""
"SINAKA · Matías Muñoz - La Confesión","","","Favoritos","Playlist",""
"xiakko · Koboss Beats - BELLAKÓLOGA","","","Favoritos","Playlist",""
"CONDE · Alex Conde Rodriguez · Bogdán Hladún - MEDiA LUNA","","","Favoritos","Playlist",""
"SINAKA · Matias Muñoz - MALTRATO","","","Favoritos","Playlist",""
"Xiyo · Fernandezz · Pressure 9X19 · Pipo Beatz · alejandro palacios - Oscura Sentencia","","","Favoritos","Playlist",""
"Tito El Bambino · Chencho Corleone · Jowell & Randy · DJ Luian · Mambo Kingz - Cacería","","","Favoritos","Playlist",""
"Alvvaro · Kaidez - mykonos","","","Favoritos","Playlist",""
"Luar La L · Brytiago · Anonimus · Bryant Myers · Noriel · Almighty - Toda La Vida (HGM 002)","","","Favoritos","Playlist",""
"Justin Quiles · Lenny Tavárez · Eladio Carrion · Jowell Y Randy - LAS ESTRELLAS NO ESTAN TAN LEJOS","","","Favoritos","Playlist",""
"New boix · c n d · PRIZE · almeja · Francisco Boix Soriano · tomas behrens camurati · lucio candia - Rinoplastia","","","Favoritos","Playlist",""
"C n d · Fede Guelmos · fede guelmos - dedicando insomnios","","","Favoritos","Playlist",""
"C n d · Fede Guelmos · fede guelmos · almeja - no te lo tomes personal","","","Favoritos","Playlist",""
"C n d · Fede Guelmos · fede guelmos - lo grande que es buenos aires","","","Favoritos","Playlist",""
"C n d · Fede Guelmos · fede guelmos - tan sensible","","","Favoritos","Playlist",""
"C n d · Fede Guelmos · ARA · fede guelmos · almeja - duele verte bien","","","Favoritos","Playlist",""
"SAIKO · SINAKA · Kennat · Benja Valencia - FLAITEERA","","","Favoritos","Playlist",""
"XIAKKO · Mvrk - Como tú","","","Favoritos","Playlist",""
"Daby · grauu · Soge Culebra · Polimá Westcoast - SIN PISTOLA RMX","","","Favoritos","Playlist",""
"west srk · blò · Álvaro Suárez Muradas · Pablo Cameselle Castro - Oh, Damn!","","","Favoritos","Playlist",""
"Omar Courtz · Joshua Omar Medina Cortes - POR SI MAÑANA NO ESTOY","","","Favoritos","Playlist",""
"Omar Courtz · Joshua Omar Medina Cortes - SKY","","","Favoritos","Playlist",""
"Omar Courtz · Dei V · Clarent · Tito El Bambino · Joshua Omar Medina Cortes · David Gerardo Rivera Juarbe · Fabián Cartagena Torres · Efraín David Fines Nevares - $UELTA GATITA $UELTA","","","Favoritos","Playlist",""
"UGLY - LA NENA","","","Favoritos","Playlist",""
"7loseey · Manuel Los Santos · Adrían Gonzalez - bonitaa ᐸ3","","","Favoritos","Playlist",""
"Midnvght · ROA · Mora · Eladio Carrion · Clarent · Finesse - Falsas Promesas (Remix)","","","Favoritos","Playlist",""
"Quevedo - NI BORRACHO","","","Favoritos","Playlist",""
"Luar La L · Hades66 - ⁠Demonia Angelical (feat. Hades66)","","","Favoritos","Playlist",""
"Slappy Av · salas flaco - A TODO QUE SÍ","","","Favoritos","Playlist",""
"9collazo9 · Manuel Collazo Otero - ADTV","","","Favoritos","Playlist",""
"Zakyo · Jay Vazquez · Mvros · NazBeats · Fuego Fatuo · jayvazquez · mvros · nazbeats · zakyo - ESPIRAL","","","Favoritos","Playlist",""
"Gatti - CLAPS","","","Favoritos","Playlist",""
"Xiyo · Fernandezz · dn.aire · Alejadro Palacios · Alvaro Fernadezz - Vuela Corasón","","","Favoritos","Playlist",""
"C Marí · Carlos Marí Cervera - Modo Sport","","","Favoritos","Playlist",""
"Womar - COSA MÍA","","","Favoritos","Playlist",""
"i9ryuk · britneygore - conectada (outro)","","","Favoritos","Playlist",""
"xiakko · Vgomez · Vittin Dior · Koboss Beats - CENICIENTA","","","Favoritos","Playlist",""
"Raul Clyde - 22","","","Favoritos","Playlist",""
"ABHIR · Abhir Hathiramani · Jorge Muñoz Sánchez - Glasgow","","","Favoritos","Playlist",""
"QUINVA · Daniel Quintana Valbuena - TE ESTIMO","","","Favoritos","Playlist",""
"xiakko · Vgomez · Vittin Dior · Ayovb - MALACOSTUMBRA","","","Favoritos","Playlist",""